"","Codigo","Sexo","Escuela","Grado","Grupo","EscuelaGradoGrupo","Calificacin","Tareas","LentoXRastreador","Conteo1P","Conteo2P","Conteo3P","ConteoT","Target","Validacin","NumEntrenamientos","ConteoCorrecto","ConteocorrectoyTarget","ConteoCorrecto1213","ConteocorrectoyTarget1213","Niveldeactividad","SonrisayRisa","Placeraltaintensidad","Impulsividad","Aprox","Timidez","Miedo","Malestar","Tristeza","Frustracin","Autotranquilizacion","controlInhibitorio","Placerbajaintensidad","Sensibilidadperceptual","Atencionfoc","distractibilidad","conjuntoatencion","ControlEsforzadocondistractibilidad","AfectoNegativo","ExtraversinSurgency","CESindistractibilidad","Alerta","Orientacion","Conflicto","CEAltosBajos","ANAltosBajos","SurgencyAltosBajos","CESindistracAltosBajos","CEsuperaltosbajos","ANsuperaltosbajos","Sugencysuperaltosbajos","CEsindistracsuperaltosbajos","AlertaAltosBajos","OrientacionAltosBajos","ConflictoAltosNajos","Perfiles","PerfilessinDistractibilidad","NiveldeactividadALTOSBAJOS","SonrisayRisaALTOSBAJOS","PlaceraltaintensidadALTOSBAJOS","ImpulsividadALTOSBAJOS","AproxALTOSBAJOS","TimidezALTOSBAJOS","MiedoALTOSBAJOS","MalestarALTOSBAJOS","TristezaALTOSBAJOS","FrustracinALTOSBAJOS","AutotranquilizacionALTOSBAJOS","controlInhibitorioALTOSBAJOS","PlacerbajaintensidadALTOSBAJOS","SensibilidadperceptualALTOSBAJOS","AtencionfocALTOSBAJOS","distractibilidadALTOSBAJOS","conjuntoatencionALTOSBAJOS","ANT_percentcorrect"
"1",1,"1",1,1,1,"1.1A",6.1,"COMPLETO","",10,NA,NA,11,1,NA,1,1,1,0,0,3.92,4.23,4.69,4.08,4.46,3.92,4.4,3.4,4.5,4.46,4.15,3.33,4,4.09,4.44,4.4,4.43,4.053737374,4.183076923,4.216880342,3.967171717,26.5,-30.5,29.5,0,0,0,0,0,NA,0,0,0,0,0,0,0,0,0,0,0,0,1,1,0,1,1,0,0,0,0,0,0,0,75.69
"2",2,"0",1,1,1,"1.1A",7.1,"Falta Gorila y ANT","",NA,NA,NA,NA,NA,NA,NA,NA,NA,NA,NA,5,5.42,5.83,4.92,5.58,1.92,2.92,2.91,3.92,4.23,5,5.42,6.08,6.09,4.67,4.5,4.62,5.351515152,3.794638695,4.777777778,5.564393939,NA,NA,NA,1,0,1,1,1,0,NA,1,NA,NA,NA,2,2,1,1,1,1,1,0,0,0,0,0,1,1,1,1,1,1,1,NA
"3",3,"0",1,1,1,"1.1A",9.3,"COMPLETO","",6,7,NA,10,1,NA,2,0,0,0,0,4.08,4.23,4.46,4.77,5.38,4.08,5,4.67,5,4.69,4.77,4,4.46,5,4.33,4.2,4.29,4.398974359,4.825641026,4.5,4.448717949,-289,39,39,0,1,0,0,0,1,NA,0,0,0,0,1,1,0,0,0,1,1,1,1,1,1,1,1,0,0,0,0,0,0,17.36
"4",4,"0",1,1,1,"1.1A",8.7,"Falta Gorila y ANT","",NA,NA,NA,NA,NA,NA,NA,NA,NA,NA,NA,4.77,4.77,3.85,4.23,5.58,3.77,3.67,3.45,4.18,4.92,5.23,4.23,5.15,4.5,3.56,4.25,3.77,4.338034188,4.291375291,4.49465812,4.360042735,NA,NA,NA,0,0,0,0,0,NA,NA,0,NA,NA,NA,0,0,1,0,0,0,1,1,0,0,1,1,1,0,1,0,0,0,0,NA
"5",5,"0",1,1,1,"1.1A",9.3,"COMPLETO","",10,NA,NA,13,1,NA,1,1,1,1,1,5.46,5.85,5.69,5.23,6.15,2.54,4.17,3.67,4,4.69,4.85,3.77,5.31,5,4,4.2,4.07,4.455384615,4.274358974,5.153846154,4.519230769,102,-49.5,-11,0,0,1,0,NA,NA,1,0,1,0,0,0,0,1,1,1,1,1,0,0,0,0,1,1,0,1,0,0,0,0,79.17
"6",6,"1",1,1,1,"1.1A",6.7,"COMPLETO","",9,NA,NA,12,0,1,1,1,0,1,0,4.58,4.18,5,4.09,5.08,3.67,2.89,4.11,4.45,4.6,3.54,4.42,4.8,4,3.22,4.4,3.64,4.167777778,3.918601399,4.434343434,4.109722222,186,29,97,0,0,0,0,0,0,NA,0,1,0,1,0,0,0,0,1,0,0,1,0,1,1,1,0,0,0,0,0,0,0,84.03
"7",7,"1",1,1,1,"1.1A",7.7,"Falta Gorila y ANT","",NA,NA,NA,NA,NA,NA,NA,NA,NA,NA,NA,4.08,4.46,3.92,4.31,5.08,2.38,3.67,4,3.83,3.62,4.5,4.77,5.15,5.08,4,4.4,4.14,4.681282051,3.923076923,4.038461538,4.751602564,NA,NA,NA,0,0,0,0,NA,0,0,NA,NA,NA,NA,0,0,0,0,0,0,0,0,0,0,0,0,0,1,1,1,0,0,0,NA
"8",8,"1",1,1,1,"1.1A",6.6,"COMPLETO","",10,NA,NA,8,1,NA,1,0,0,0,0,5.15,4.69,4.77,4.85,5,3.38,4.58,4.58,4.67,4.46,4.46,4.31,5.23,4.5,4,3.4,3.79,4.287692308,4.551282051,4.641025641,4.509615385,67,52.5,19,0,1,1,0,0,1,NA,0,1,1,0,1,1,1,0,0,1,0,0,1,1,1,1,0,0,1,0,0,0,0,70.14
"9",9,"0",1,1,1,"1.1A",7.8,"Falta Gorila y ANT","",NA,NA,NA,NA,NA,NA,NA,NA,NA,NA,NA,2.92,4,4,3.62,4.15,4.08,3.08,4.08,3.5,3.38,3.33,3.77,4.31,3.58,3.89,4.2,4,3.94982906,3.476923077,3.794871795,3.887286325,NA,NA,NA,0,0,0,0,0,0,0,0,NA,NA,NA,0,0,0,0,0,0,0,1,0,0,0,0,0,0,0,0,0,0,0,NA
"10",10,"1",1,1,1,"1.1A",7,"Falta Gorila y ANT","",NA,NA,NA,NA,NA,NA,NA,NA,NA,NA,NA,5.54,5.38,5.77,5.85,5.77,2.62,3.83,3.5,3.91,5.46,3.85,3.46,5.54,5.5,2.78,2.8,2.79,4.015555556,4.11002331,5.153846154,4.319444444,NA,NA,NA,0,0,1,0,0,0,1,0,NA,NA,NA,0,0,1,1,1,1,1,0,0,0,0,1,0,0,1,1,0,0,0,NA
"11",11,"1",1,1,1,"1.1A",8.4,"COMPLETO","",7,NA,NA,12,1,NA,1,1,1,1,1,4.08,6,3.31,3.92,5.46,3.54,3.58,3.17,4,4.08,5.15,5.62,5.69,5.5,4.78,4,4.5,5.117094017,3.996153846,4.384615385,5.396367521,123,154,155,1,0,0,1,1,0,0,1,1,1,1,2,2,0,1,0,0,1,0,0,0,0,0,1,1,1,1,1,0,1,82.64
"12",12,"0",1,1,1,"1.1A",9.7,"COMPLETO","",6,9,NA,12,1,NA,2,1,1,1,1,4.92,6.15,5.54,4.62,6,3.67,3.92,3.75,4.5,4.15,5.15,4.54,5.92,5.75,4.11,3.4,3.86,4.744529915,4.294871795,5.14957265,5.080662393,83.5,172,36.5,1,0,1,1,NA,NA,1,1,1,1,0,2,2,1,1,1,1,1,1,0,0,1,0,1,0,1,1,0,0,0,95.14
"13",13,"0",1,1,1,"1.1A",9.7,"COMPLETO","",3,3,3,7,0,1,3,0,0,0,0,4.69,4.92,5.46,4.62,5.15,3.38,4.25,4.67,4.67,4.23,4.38,3.92,5.15,4.92,3.89,4,3.93,4.376495726,4.43974359,4.705128205,4.470619658,97,70,62,0,1,1,0,0,NA,NA,0,1,1,0,1,1,1,1,1,1,0,0,0,1,1,0,0,0,1,0,0,0,0,91.67
"14",14,"1",1,1,1,"1.1A",7.8,"COMPLETO","PASî DOS VECES ?",3,5,6,11,1,NA,3,1,1,0,0,4.15,4.08,4.62,4.54,4.77,3.62,3.67,4,4.92,4.08,4.15,4.15,4.69,4.08,4.33,4,4.21,4.252564103,4.162820513,4.295940171,4.315705128,130.5,113,402.5,0,0,0,0,0,NA,0,0,1,1,1,0,0,0,0,0,1,0,0,0,0,1,0,0,0,0,0,0,0,0,56.25
"15",16,"0",1,1,1,"1.1A",6.6,"COMPLETO","",3,9,NA,14,1,NA,2,1,1,0,0,5.5,5.69,4.69,4.09,5.38,3.46,4.4,3.5,3.91,2.91,4.67,4.25,5.77,5.64,3.67,4,3.77,4.664452214,3.876969697,4.803613054,4.830565268,616,68,399,0,0,1,1,NA,0,1,NA,1,1,1,0,2,1,1,0,0,1,0,1,0,0,0,0,0,1,1,0,0,0,23.61
"16",17,"0",1,1,1,"1.1A",8.8,"Falta Gorila y ANT","",NA,NA,NA,NA,NA,NA,NA,NA,NA,NA,NA,4.62,4.62,4.31,3,5.69,3.69,4.33,4.17,5.75,3.31,4.08,4.77,4.85,4.33,4.22,3.4,3.93,4.314188034,4.326923077,4.320512821,4.542735043,NA,NA,NA,0,1,0,0,0,NA,0,0,NA,NA,NA,1,1,0,0,0,0,1,1,1,1,1,0,0,1,0,0,0,0,0,NA
"17",18,"1",1,1,1,"1.1A",8.7,"COMPLETO","",3,8,NA,12,1,NA,2,1,1,1,1,5.85,5.08,4.62,5.31,6.08,2.15,4.45,4.92,3.83,3.15,5.38,4.62,5,5.08,3.78,3.2,3.57,4.335299145,4.348601399,4.846153846,4.619123932,46,36.5,130.5,0,1,1,0,0,NA,1,NA,0,0,1,1,1,1,1,0,1,1,0,1,1,0,0,1,1,0,1,0,0,0,82.64
"18",19,"0",1,1,1,"1.1A",9.2,"COMPLETO","",3,9,NA,12,0,1,2,1,0,1,0,4.77,5.46,4.69,4.38,6.15,4.62,4.27,4.58,5.17,5.08,4.25,4.54,4.62,5.82,4.44,3.4,4.07,4.563294483,4.66993007,5.012820513,4.854118104,190.5,102,223.5,0,1,1,1,NA,1,1,NA,1,1,1,1,3,1,1,0,0,1,1,0,1,1,1,0,0,0,1,0,0,0,60.42
"19",20,"1",1,1,1,"1.1A",9.4,"COMPLETO","",8,NA,NA,12,0,1,1,1,0,1,0,4.69,4.43,4.73,4.22,6.18,2,4.45,3.91,3.7,3.38,6.17,5.29,6.1,5.4,4.78,5.8,5.14,5.472698413,4.322983683,4.375365375,5.390873016,55,58,-11,1,1,0,1,1,NA,0,1,0,1,0,3,3,1,0,0,0,1,0,1,0,0,0,1,1,1,1,1,1,1,95.83
"20",22,"0",1,1,1,"1.1A",8.1,"COMPLETO","",7,NA,NA,13,0,1,1,1,0,1,0,4.92,5.38,4.92,3.92,5.85,3.23,5.17,4.5,4.58,4.38,5.25,4.85,5.69,5.5,3.78,3.6,3.71,4.683247863,4.776923077,4.705128205,4.954059829,-24,-89,-25,0,1,1,1,NA,1,NA,NA,0,0,0,1,3,1,1,0,0,1,0,1,1,1,1,1,1,1,1,0,0,0,47.92
"21",23,"1",1,1,1,"1.1A",8.5,"Falta Gorila y ANT","",NA,NA,NA,NA,NA,NA,NA,NA,NA,NA,NA,4.38,5.31,5.5,5.23,4.31,3.15,3.83,4.33,5.58,4.38,4.92,5.54,4.31,5.25,5.78,4.8,5.43,5.134786325,4.611538462,4.647435897,5.218482906,NA,NA,NA,1,1,1,1,1,1,NA,1,NA,NA,NA,3,3,0,1,1,1,0,0,0,1,1,1,1,1,0,1,1,1,1,NA
"22",24,"0",1,1,1,"1.1A",10,"Falta ANT","",7,NA,NA,12,1,NA,1,1,1,1,1,5.27,5.46,3.92,4.31,5.31,2.69,4.33,3.17,3.58,3.08,4.69,5.54,5.23,5.33,5.33,4.6,5.07,5.207179487,3.770512821,4.494172494,5.358974359,NA,NA,NA,1,0,0,1,1,0,NA,1,NA,NA,NA,2,2,1,1,0,0,0,0,1,0,0,0,1,1,1,1,1,1,1,NA
"23",26,"1",1,1,1,"1.1A",9.1,"COMPLETO","",12,9,NA,13,0,1,2,1,0,1,0,4.85,5.08,4.85,4.92,4.77,3.31,3.75,4,4.58,3.77,4.23,4.08,4.85,4.42,5,4,4.64,4.467948718,4.066666667,4.628205128,4.584935897,266.5,9,303,0,0,1,0,NA,0,NA,NA,1,0,1,0,0,1,1,0,1,0,0,0,0,1,0,0,0,0,0,1,0,1,84.72
"24",27,"0",1,1,1,"1.1A",9.8,"COMPLETO","",7,8,NA,12,1,NA,2,1,1,1,1,4.15,4.38,4.46,2.85,5.69,5.38,5.67,4.58,3.92,3.77,4.92,5.15,4.92,5.33,4,4.6,4.21,4.802051282,4.571794872,4.487179487,4.852564103,117.5,100.5,-91.5,1,1,0,1,NA,1,NA,NA,1,1,0,3,3,0,0,0,0,1,1,1,1,0,0,1,1,0,1,0,1,0,50.69
"25",28,"1",1,1,1,"1.1A",9.3,"COMPLETO","",3,6,8,12,0,1,3,1,0,1,0,4.23,4.54,4.69,3.85,5.23,4.46,4.5,3.92,4,3.38,5.08,5.46,5.54,4.42,5,4.8,4.93,5.043333333,4.175641026,4.5,5.104166667,4,32.5,68,1,0,0,1,1,NA,NA,1,0,0,0,2,2,0,0,0,0,0,1,1,0,0,0,1,1,1,0,1,1,1,72.22
"26",29,"1",1,1,1,"1.1A",8,"COMPLETO","",7,NA,NA,12,0,1,1,1,0,1,0,3.15,5.33,5.69,5,5.54,1.77,4.42,4.42,3.75,4.23,4.92,5.08,5.31,5.5,4.33,3.8,4.14,4.803589744,4.347435897,4.414529915,5.054487179,145,2.5,132,1,1,0,1,NA,NA,0,1,1,0,1,3,3,0,1,1,1,1,0,1,1,0,0,1,1,1,1,0,0,0,86.81
"27",31,"1",1,1,1,"1.1A",8.9,"Falta Gorila","",NA,NA,NA,NA,NA,NA,NA,NA,NA,NA,NA,4.92,4.77,5.23,4.77,4.46,3.46,4.17,4.08,4.08,3.83,4.85,3.54,4.08,4.17,4,4,4,3.956410256,4.202564103,4.602564103,3.945512821,33.5,50,168,0,0,1,0,0,NA,NA,0,0,1,1,0,0,1,0,1,1,0,0,0,0,0,0,1,0,0,0,0,0,0,82.64
"28",32,"1",1,1,1,"1.1A",9,"COMPLETO","",5,8,NA,12,1,NA,2,1,1,1,1,4.46,5,5.33,4.38,5.27,2.85,4.17,2.92,3.08,3.31,5.08,5.17,5.38,3.67,4.67,4.8,4.71,4.736923077,3.71025641,4.54972805,4.721153846,34,89.5,9.5,1,0,0,0,NA,0,NA,NA,0,1,0,2,0,0,1,1,0,0,0,0,0,0,0,1,1,1,0,1,1,1,90.28
"29",33,"0",1,1,1,"1.1A",9.8,"COMPLETO","",14,9,NA,12,1,NA,2,1,1,1,1,5.08,4.62,5.54,4.77,5.38,3.77,3.64,3.9,4.36,4.38,4.36,4.58,5.09,4.78,4.22,3.6,4,4.454848485,4.12965035,4.858974359,4.668560606,4,41,142.5,0,0,1,0,0,NA,1,NA,0,0,1,0,0,1,0,1,1,1,1,0,0,1,1,0,0,1,0,0,0,0,75
"30",34,"0",1,1,1,"1.1A",9.1,"COMPLETO","",9,NA,NA,11,1,NA,1,1,1,0,0,4.62,4.85,4.62,4.08,4.62,2.54,4.58,4,4.42,3.38,4.77,5.15,5.08,5.17,4.75,4.6,4.69,4.949487179,4.230769231,4.217948718,5.036858974,33.5,10.5,64,1,0,0,1,NA,NA,0,1,0,0,0,2,2,0,0,0,0,0,0,1,0,1,0,1,1,0,1,1,1,1,70.83
"31",35,"0",1,1,1,"1.1A",8.3,"Falta Gorila y ANT","",NA,NA,NA,NA,NA,NA,NA,NA,NA,NA,NA,4.77,4.46,4.38,4.31,3.92,3.92,4.58,3.42,3.5,2.31,5.54,5.69,4.92,4.83,4.67,4.6,4.64,4.943076923,3.869230769,4.294871795,5.028846154,NA,NA,NA,1,0,0,1,NA,0,0,NA,NA,NA,NA,2,2,1,0,0,0,0,1,1,0,0,0,1,1,0,0,1,1,1,NA
"32",36,"1",1,1,1,"1.1A",7.6,"Falta Gorila y ANT","",NA,NA,NA,NA,NA,NA,NA,NA,NA,NA,NA,5.69,4.92,6.15,4.27,4.62,3.08,3.33,5,5.08,3.75,4.54,4.82,5.3,4.92,3.44,5.6,4.21,4.815858586,4.341025641,4.789044289,4.619823232,NA,NA,NA,1,1,1,0,NA,NA,1,NA,NA,NA,NA,3,1,1,1,1,0,0,0,0,1,1,0,0,1,1,0,0,1,0,NA
"33",37,"1",1,1,1,"1.1A",7.8,"Falta Gorila y ANT","",NA,NA,NA,NA,NA,NA,NA,NA,NA,NA,NA,5.85,4.62,5.54,4.46,5.31,2.92,4.18,3.92,3.58,3.62,4.25,3.92,4.46,4.64,3.67,3.8,3.71,4.097529138,3.909440559,4.782051282,4.171911422,NA,NA,NA,0,0,1,0,0,0,NA,0,NA,NA,NA,0,0,1,0,1,1,0,0,0,0,0,0,0,0,0,0,0,0,0,NA
"34",38,"0",1,1,1,"1.1A",8.9,"COMPLETO","",10,NA,NA,12,1,NA,1,1,1,1,1,5.17,5.54,5.08,4.54,4.92,3.62,3.82,3.5,3.67,4.54,4.08,4.69,5.85,4.58,4.67,3.6,4.29,4.677692308,3.921328671,4.80982906,4.947115385,121,-14.5,66.5,0,0,1,1,NA,0,1,NA,1,0,0,0,2,1,1,1,1,0,0,0,0,0,1,0,1,1,0,1,0,0,77.08
"35",39,"1",1,1,1,"1.1A",8.2,"COMPLETO","",4,8,NA,14,1,NA,2,1,1,0,0,5.15,4.54,5.46,4.77,5.38,2.77,3.33,4.42,4,4.92,4.23,3.92,4.46,4.75,2.89,3.4,3.07,3.884700855,4.180769231,4.679487179,4.005876068,-216,69.5,10,0,0,1,0,0,NA,NA,0,0,1,0,0,0,1,0,1,1,1,0,0,1,0,1,0,0,0,0,0,0,0,68.06
"36",41,"1",1,1,2,"1.1B",8.3,"COMPLETO","",20,8,NA,15,1,NA,2,0,0,0,0,4.38,4.77,4.54,5.15,5.46,3.54,3.33,4.33,4.92,4.23,3.77,4,5.15,4.08,4,4,4,4.247435897,4.116666667,4.641025641,4.309294872,155.5,-67,151,0,0,1,0,0,0,NA,0,1,0,1,0,0,0,0,0,1,1,0,0,1,1,0,0,0,1,0,0,0,0,33.33
"37",42,"1",1,1,2,"1.1B",8.8,"COMPLETO","",6,7,NA,12,0,1,2,1,0,1,0,4.58,4.38,5.69,5,4.62,3,4.83,3.42,5.17,5.08,5.23,4.46,5.23,4.75,5,4.4,4.79,4.768461538,4.746153846,4.545940171,4.860576923,-284.5,110.5,293,1,1,0,1,NA,1,NA,NA,0,1,1,3,3,0,0,1,1,0,0,1,0,1,1,1,0,1,0,1,0,1,30.56
"38",44,"0",1,1,2,"1.1B",9.4,"COMPLETO","",5,8,NA,12,0,1,2,1,0,1,0,4.54,4.92,5.23,3.62,5.38,3.46,4.25,3.55,2.92,3.46,5.31,5.15,5.33,4.75,3.89,4.2,4,4.665213675,3.896270396,4.525641026,4.781517094,191.5,234,229.5,0,0,0,0,NA,0,NA,NA,1,1,1,0,0,0,1,1,0,1,0,0,0,0,0,1,1,1,0,0,0,0,49.31
"39",46,"1",1,1,2,"1.1B",9,"COMPLETO","",4,6,7,11,0,1,3,1,0,0,0,5.62,4.62,6.31,5,5.77,3.23,5.27,4.5,5.08,4.62,4.08,5,5.69,5,4.22,3,3.79,4.582905983,4.70967366,5.08974359,4.978632479,130,50,217,0,1,1,1,NA,1,1,NA,1,1,1,1,3,1,0,1,1,1,0,1,1,1,1,0,1,1,0,0,0,0,93.75
"40",47,"1",1,1,2,"1.1B",8.8,"COMPLETO","",7,NA,NA,6,1,NA,1,0,0,0,0,2.69,4.92,3.31,3.38,5.15,6.08,5.17,2.75,3.25,2.85,6.38,6.38,5.85,5.25,4.89,4.4,4.71,5.353931624,4.079487179,4.256410256,5.59241453,89,-170.5,-8,1,0,0,1,1,0,0,1,1,0,0,2,2,0,1,0,0,0,1,1,0,0,0,1,1,1,1,1,0,1,84.72
"41",48,"0",1,1,2,"1.1B",8.1,"COMPLETO","",3,5,6,11,0,1,3,1,0,0,0,4.33,4.69,4.15,4.54,5.92,4.92,4.92,5.25,4.17,4.92,4.15,4.38,4.46,4.17,3.78,3.8,3.79,4.118119658,4.682051282,4.759615385,4.197649573,155,69,112,0,1,1,0,0,1,NA,0,1,1,1,1,1,0,0,0,1,1,1,1,1,0,1,0,0,0,0,0,0,0,95.83
"42",49,"0",1,1,2,"1.1B",9.7,"COMPLETO","",7,NA,NA,13,0,1,1,1,0,1,0,3.08,4.62,4.85,3,5.38,5.85,4.92,4.17,4.83,4.46,4,5.54,5.38,4.92,5.56,5.6,5.57,5.399059829,4.475641026,4.461538462,5.348824786,-25,17,-18,1,1,0,1,1,NA,NA,1,0,0,0,3,3,0,0,0,0,1,1,1,1,1,1,0,1,1,0,1,1,1,22.22
"43",50,"1",1,1,2,"1.1B",9.1,"COMPLETO","Pr‡ctica 6 veces",5,9,NA,12,1,NA,2,1,1,1,1,4.31,4.46,3.69,3.62,5.69,4.23,5.42,3.5,3.58,3.15,5.69,5.23,5.23,5.08,4.44,4,4.29,4.797863248,4.269230769,4.333333333,4.99732906,47.5,57,338,1,0,0,1,NA,NA,0,NA,0,1,1,2,2,0,0,0,0,1,1,1,0,0,0,1,1,1,1,0,0,0,90.28
"44",52,"0",1,1,2,"1.1B",9.2,"COMPLETO","",5,8,NA,11,0,1,2,1,0,0,0,4.62,4.77,4.85,4.77,5.38,4.46,5.67,4.92,5,5.31,3.46,4.08,5.15,5.08,4.89,4.2,4.64,4.680598291,4.870512821,4.807692308,4.800747863,-27,36,24.5,0,1,1,0,NA,1,1,NA,0,0,0,1,1,0,0,0,1,1,1,1,1,1,1,0,0,1,1,1,0,1,76.39
"45",53,"1",1,1,2,"1.1B",8.1,"COMPLETO","",1,9,NA,12,1,NA,2,1,1,1,1,4.54,3.77,5.42,4.08,4.62,4,4.5,5.08,4.5,4.77,3.85,3.46,4.46,4.67,3.56,3.6,3.57,3.949059829,4.53974359,4.402777778,4.036324786,-25,156.5,28,0,1,0,0,0,1,0,0,0,1,0,1,1,0,0,1,0,0,1,1,1,1,1,0,0,0,0,0,0,0,63.19
"46",54,"1",1,1,2,"1.1B",8.3,"Falta Gorila","",NA,NA,NA,NA,NA,NA,NA,NA,NA,NA,NA,5.5,5.27,5.5,5.82,5.45,2.42,4.91,3.4,3.73,4.91,4.8,3.55,3.91,5,2.75,4.8,3.54,4.000909091,4.349090909,4.993686869,3.801136364,26,57,61,0,1,1,0,0,NA,1,0,0,1,0,1,1,1,1,1,1,1,0,1,0,0,1,1,0,0,0,0,1,0,77.08
"47",55,"0",1,1,2,"1.1B",8.5,"COMPLETO","",9,NA,NA,14,1,NA,1,1,1,0,0,4.75,4.38,4.92,3.92,5.08,4.92,4.91,3.73,4.25,4.38,4.77,4.33,4.31,5.33,4.56,3,4,4.305982906,4.408041958,4.664529915,4.632478632,-161,2,100,0,1,1,0,0,NA,NA,NA,0,0,1,1,1,1,0,0,0,0,1,1,0,1,1,1,0,0,1,1,0,0,52.08
"48",56,"1",1,1,2,"1.1B",9.2,"COMPLETO","",5,7,NA,11,1,NA,2,1,1,0,0,3.67,4.17,4.38,4.77,5.31,3.08,4.18,3.36,4.73,4.15,5.23,5.15,5.77,5.83,4.67,3.8,4.36,5.044615385,4.331468531,4.228632479,5.355769231,-14.5,154.5,143,1,1,0,1,1,NA,0,1,0,1,1,3,3,0,0,0,1,0,0,0,0,1,0,1,1,1,1,1,0,0,76.39
"49",57,"1",1,1,2,"1.1B",8,"Falta Gorila","",NA,NA,NA,NA,NA,NA,NA,NA,NA,NA,NA,5,5.38,4.38,4.62,5.85,4.31,5.67,4.83,4.17,4.67,4.38,4.54,5.31,5.08,3.67,3.4,3.57,4.399230769,4.743589744,4.923076923,4.649038462,272.5,99.5,-99.5,0,1,1,0,0,1,1,NA,1,1,0,1,1,1,1,0,1,1,1,1,1,0,1,0,0,1,1,0,0,0,43.06
"50",58,"0",1,1,2,"1.1B",9.6,"COMPLETO","",6,9,NA,12,1,NA,2,1,1,1,1,4,4.85,4.92,3.85,4.54,3.38,3.92,4.08,4.58,4,5.15,5.31,5.62,4.92,4.56,3.8,4.29,4.839059829,4.347435897,4.256410256,5.098824786,65,-87.5,98.5,1,1,0,1,NA,NA,0,1,1,0,1,3,3,0,0,0,0,0,0,0,0,1,0,1,1,1,0,1,0,0,81.94
"51",59,"0",1,1,2,"1.1B",9.7,"COMPLETO","",6,4,7,13,1,NA,3,1,1,1,1,4.67,4,5.33,4.45,6,4.08,4.5,4.55,4.91,4.69,4,4.85,4.83,6.2,4.67,4.4,4.57,4.989230769,4.529370629,4.756313131,5.136538462,24,29.5,154,1,1,1,1,1,NA,NA,1,0,0,1,3,3,1,0,1,1,1,1,1,1,1,1,0,1,0,1,1,0,1,68.75
"52",60,"0",1,1,2,"1.1B",9.1,"COMPLETO","",6,8,NA,12,1,NA,2,1,1,1,1,4.2,4.69,3.85,3.62,5.38,4.38,4,3.92,4.5,4,4.15,4.69,5.08,4.27,4.22,3.6,4,4.372836053,4.114102564,4.353846154,4.566045066,23,-52.5,-3.5,0,0,0,0,0,0,0,NA,0,0,0,0,0,0,0,0,0,1,1,0,0,1,0,0,1,0,0,0,0,0,60.42
"53",61,"1",1,1,2,"1.1B",8.9,"COMPLETO","",13,10,8,13,1,NA,3,1,1,1,1,5.36,5.85,5.25,4.23,5,2.77,3.82,4.4,3.25,3.15,4.58,4.69,5.77,5.91,5,4,4.67,5.074125874,3.841072261,4.743298368,5.342657343,1,-17,208,1,0,1,1,1,0,NA,1,0,0,1,2,2,1,1,1,0,0,0,0,1,0,0,0,1,1,1,1,0,1,83.33
"54",64,"1",1,1,2,"1.1B",8.6,"COMPLETO","",3,5,10,12,1,NA,3,1,1,1,1,4.38,4.62,6.08,4.77,5.31,4.08,4.33,3.09,4.58,4.08,4.85,3.83,4.62,4.67,4.11,4.6,4.29,4.365299145,4.186130536,4.871794872,4.306623932,45,13,41.5,0,0,1,0,0,NA,1,0,0,0,0,0,0,0,0,1,1,0,1,1,0,1,0,1,0,0,0,0,1,0,81.94
"55",66,"0",1,1,2,"1.1B",9.6,"COMPLETO","",11,NA,NA,12,1,NA,1,1,1,1,1,4.08,4.75,4.85,3.69,5.08,4.17,5.17,5.33,5,4.38,4.85,4.46,5.54,5.4,5.44,3.8,4.86,4.928888889,4.946153846,4.43482906,5.211111111,-61,49,58,1,1,0,1,NA,1,NA,1,0,1,0,3,3,0,0,0,0,0,1,1,1,1,1,1,0,1,1,1,0,1,87.5
"56",67,"1",1,1,2,"1.1B",7.3,"COMPLETO","",10,NA,NA,16,0,1,1,0,0,0,0,6.08,5.54,5.75,4.45,6.31,1.77,5.18,3.5,4.55,4.77,4.17,2.58,4.17,5.3,2.89,2.8,2.86,3.547777778,4.432634033,4.982808858,3.734722222,-44.5,152,525.5,0,1,1,0,0,NA,1,0,0,1,1,1,1,1,1,1,1,1,0,1,0,1,1,0,0,0,1,0,0,0,72.22
"57",68,"0",1,1,2,"1.1B",9.7,"COMPLETO","",8,NA,NA,12,0,1,1,1,0,1,0,5.58,5.23,6,4.46,5.15,3.83,3.42,3.25,3.58,4.23,5.15,4.77,5.58,4.08,4.67,3.2,4.14,4.460512821,3.926923077,5.043803419,4.775641026,80.5,38,-59,0,0,1,0,NA,0,1,NA,1,0,0,0,0,1,1,1,1,0,1,0,0,0,0,1,1,1,0,1,0,0,84.03
"58",69,"0",1,1,2,"1.1B",9.8,"COMPLETO","",8,NA,NA,15,1,NA,1,0,0,0,0,5.15,5.54,4.54,3.31,6.23,5.31,5.75,2.82,3.75,4.31,4.62,5.38,5.54,6.17,5.78,4.6,5.36,5.493504274,4.248251748,5.012820513,5.716880342,133.5,-28.5,225,1,0,1,1,1,NA,1,1,1,0,1,2,2,1,1,0,0,1,1,1,0,0,1,0,1,1,1,1,1,1,56.94
"59",72,"1",1,1,2,"1.1B",10,"COMPLETO","",5,8,NA,10,0,1,2,0,0,0,0,4.08,5.15,3.69,4.54,5.08,1.69,4,4.64,3.27,3.42,5.31,5.42,5.69,5.27,5.56,4.2,5.07,5.227451437,4.126689977,4.038461538,5.484314297,108.5,-7.5,39.5,1,0,0,1,1,NA,0,1,1,0,0,2,2,0,1,0,1,0,0,0,1,0,0,1,1,1,1,1,0,1,93.06
"60",73,"1",1,1,2,"1.1B",7.5,"COMPLETO","",10,NA,NA,11,1,NA,1,1,1,0,0,4.77,5.38,5.92,4.54,5.23,2.77,4.08,5.17,4.5,5.31,4.23,3.85,5.54,4.83,4,3,3.64,4.243589744,4.657692308,4.769230769,4.554487179,21,78,442,0,1,1,0,0,1,NA,0,0,1,1,1,1,1,1,1,1,0,0,0,1,1,1,0,0,1,0,0,0,0,88.19
"61",76,"0",1,1,3,"1.1C",9.5,"COMPLETO","",10,NA,NA,12,1,NA,1,1,1,1,1,5.25,4.3,5.55,4.45,6,4.45,3.45,3.9,5.08,4.83,4.82,5,5.82,4.82,4.5,5,4.67,5.027272727,4.417878788,5.000757576,5.034090909,24,94,3,1,1,1,1,1,NA,1,1,0,1,0,3,3,1,0,1,1,1,1,0,0,1,1,1,1,1,0,0,1,1,81.94
"62",77,"1",1,1,3,"1.1C",9.9,"COMPLETO","",8,8,NA,12,1,NA,2,1,1,1,1,3.82,5.17,5.86,4.13,5.42,4,4,3.25,4.25,4.25,5.8,5.82,6.09,5,5.4,5.4,5.4,5.541818182,4.31,4.730609668,5.577272727,103,-44,133.5,1,1,1,1,1,NA,NA,1,1,0,1,3,3,0,1,1,0,1,1,0,0,1,1,1,1,1,0,1,1,1,96.53
"63",78,"0",1,1,3,"1.1C",8.2,"COMPLETO","",3,4,2,10,1,NA,3,0,0,0,0,4.54,4.85,5.38,4.69,5.31,4,4.17,3.92,4.17,4.31,5.15,5.23,4.67,4.83,4.11,3.4,3.86,4.448376068,4.342307692,4.794871795,4.710470085,39.5,20,-1,0,1,1,0,0,NA,1,NA,0,0,0,1,1,0,0,1,1,0,1,0,0,0,1,1,1,0,0,0,0,0,86.11
"64",80,"0",1,1,3,"1.1C",9.7,"COMPLETO","",5,6,6,12,1,NA,3,1,1,1,1,3.62,4.83,3.92,3.62,5,4.23,4.09,4.42,4,4.08,5.15,5.17,5.67,4.45,4.56,5,4.71,4.968686869,4.347668998,4.202991453,4.960858586,89,30.5,157,1,1,0,1,1,NA,0,NA,1,0,1,3,3,0,0,0,0,0,1,0,1,0,0,1,1,1,0,1,1,1,95.14
"65",81,"0",1,1,3,"1.1C",8.8,"Falta Gorila y ANT","",NA,NA,NA,NA,NA,NA,NA,NA,NA,NA,NA,4,4.69,4.38,4.92,5,4,3.5,4.5,3.75,5,4,3.23,4.62,3.58,2.78,5.4,3.71,3.921452991,4.15,4.5,3.551816239,NA,NA,NA,0,0,0,0,0,NA,NA,0,NA,NA,NA,0,0,0,0,0,1,0,1,0,1,0,1,0,0,0,0,0,1,0,95.14
"66",82,"0",1,1,3,"1.1C",8.9,"COMPLETO","",5,7,NA,12,0,1,2,1,0,1,0,3.77,4.69,4.62,3.85,5.31,5.69,4,4.17,4.42,4.15,4.23,4.46,6.08,5,4.89,4.6,4.79,5.005470085,4.193589744,4.653846154,5.106837607,75.5,15,44.5,1,0,1,1,1,NA,NA,1,1,0,0,2,2,0,0,0,0,0,1,0,1,1,0,0,0,1,0,1,1,1,68.75
"67",84,"0",1,1,3,"1.1C",8.2,"COMPLETO","",8,NA,NA,14,1,NA,1,1,1,0,0,3.77,4.15,4.82,4.31,4.38,3.38,3.91,4.08,4.25,3.69,4.46,4.25,4.38,3.92,4.13,3.6,3.92,4.05525641,4.079254079,4.136363636,4.169070513,-6.5,41,166.5,0,0,0,0,0,0,0,0,0,0,1,0,0,0,0,0,0,0,0,0,0,1,0,0,0,0,0,0,0,0,90.28
"68",85,"0",1,1,3,"1.1C",9,"COMPLETO","",5,9,NA,13,1,NA,2,1,1,1,1,4,4.11,5.08,4.45,2.79,3.77,3.44,4.1,4.25,4.3,4.36,4,4.64,4.18,4.6,4.33,4.5,4.35030303,4.091616162,4.034615725,4.354545455,88,72,30,0,0,0,0,0,0,0,0,1,1,0,0,0,0,0,1,1,0,1,0,1,1,1,0,0,0,0,1,0,1,91.67
"69",86,"0",1,1,3,"1.1C",9.6,"COMPLETO","",8,NA,NA,11,1,NA,1,1,1,0,0,5.15,5.15,5.15,4.67,5.08,3.92,4.42,5.5,4.75,6.23,3.23,4.38,5.75,5.08,4.67,3.2,4.14,4.616923077,4.825641026,4.854700855,4.971153846,-43.5,43,283,0,1,1,1,NA,1,1,NA,0,1,1,1,3,1,1,1,1,0,1,1,1,1,1,0,0,1,1,1,0,0,56.94
"70",87,"1",1,1,3,"1.1C",9.3,"COMPLETO","",16,8,NA,10,1,NA,2,0,0,0,0,4.08,4.92,4,3.85,5.31,3.31,5.58,4,4.25,5.08,4.38,4.15,5.31,5.25,4.44,3.8,4.21,4.591196581,4.658974359,4.243589744,4.788995726,40,107,81,0,1,0,0,NA,1,0,NA,0,1,0,1,1,0,1,0,0,0,0,1,0,1,1,0,0,1,1,0,0,0,73.61
"71",88,"1",1,1,3,"1.1C",8.5,"COMPLETO","",6,9,NA,12,1,NA,2,1,1,1,1,4.85,5,3.58,4.77,5.54,4.92,6.08,5.42,4.75,5.23,4.58,3.67,4.17,4.75,3.22,4.6,3.71,4.081111111,5.212820513,4.776709402,3.951388889,35,40.5,132.5,0,1,1,0,0,1,NA,0,0,0,1,1,1,1,1,0,1,1,1,1,1,1,1,0,0,0,0,0,1,0,87.5
"72",90,"0",1,1,3,"1.1C",9,"COMPLETO","",6,5,NA,12,1,NA,3,1,1,1,1,3.92,5.62,5,4.08,6.31,2,3.27,3.5,3.67,3.31,5.67,5.82,6.08,5.5,4.33,3.6,4.07,5.065687646,3.882750583,4.487179487,5.432109557,7.5,111.5,68.5,1,0,0,1,1,0,NA,1,0,1,0,2,2,0,1,1,0,1,0,0,0,0,0,1,1,1,1,0,0,0,91.67
"73",91,"0",1,1,3,"1.1C",9.8,"COMPLETO","",5,7,NA,11,0,1,2,1,0,0,0,4.92,4.69,3.92,4.33,5.17,3.08,5.45,3.42,4.09,3.25,4.83,5.08,6.09,5.3,5.25,5,5.17,5.344848485,4.209090909,4.351495726,5.431060606,-131.5,-35,186.5,1,0,0,1,1,NA,0,1,0,0,1,2,2,1,0,0,0,0,0,1,0,0,0,1,1,1,1,1,1,1,52.78
"74",93,"0",1,1,3,"1.1C",9.1,"COMPLETO","",8,NA,NA,12,0,1,1,1,0,1,0,4.15,4.77,4.15,3.23,4.46,4.77,4,3.67,4.33,3.15,5.08,4.77,4.77,4.33,5.56,5.2,5.43,4.925470085,4.046153846,4.256410256,4.856837607,104,-18.5,23.5,1,0,0,1,NA,0,0,NA,1,0,0,2,2,0,0,0,0,0,1,0,0,1,0,1,1,0,0,1,1,1,85.42
"75",94,"1",1,1,3,"1.1C",9,"COMPLETO","",9,NA,NA,11,1,NA,1,1,1,0,0,4.77,5.69,5.54,4.69,5,2.62,4.64,3.58,4.08,4.85,4.69,3.58,5.15,4.82,3.44,5.2,4.07,4.43996115,4.368298368,4.717948718,4.249951437,5,13,176,0,1,1,0,0,NA,NA,0,0,0,1,1,1,1,1,1,1,0,0,1,0,0,1,1,0,1,0,0,1,0,87.5
"76",101,"1",1,1,3,"1.1C",9.5,"COMPLETO","",3,6,7,6,1,NA,3,0,0,0,0,4.17,4.77,3.85,4.69,4.77,4.46,4.5,4.42,3.92,3,5.23,4.92,5.23,4.42,4.89,3.8,4.5,4.651880342,4.212820513,4.450854701,4.864850427,73.5,6.5,70.5,0,0,0,1,NA,NA,NA,NA,1,0,0,0,2,0,0,0,1,0,1,1,1,0,0,1,1,1,0,1,0,1,69.44
"77",102,"0",1,1,3,"1.1C",9.2,"COMPLETO","",6,9,NA,12,0,1,2,1,0,1,0,4.38,5.69,5.15,4.38,4.92,4.15,4.42,3.92,4.25,5.46,4.15,4.54,5.54,5,4,3.2,3.71,4.455384615,4.43974359,4.782051282,4.769230769,42,81.5,-41,0,1,1,0,NA,NA,NA,NA,0,1,0,1,1,0,1,1,0,0,1,1,0,1,1,0,0,1,0,0,0,0,79.17
"78",104,"0",1,1,3,"1.1C",8.4,"COMPLETO","",8,NA,NA,12,1,NA,1,1,1,1,1,5.33,4.85,5.15,3,5.77,6.23,3,2.67,4.17,3.92,5.62,4.77,4.85,5.5,1,4.6,2.29,4.143076923,3.874358974,5.055555556,4.028846154,21.5,42.5,21.5,0,0,1,0,0,0,1,0,0,1,0,0,0,1,0,1,0,1,1,0,0,0,0,1,1,0,1,0,1,0,81.25
"79",106,"1",1,1,3,"1.1C",9.1,"COMPLETO","",6,6,NA,8,1,NA,2,0,0,0,0,3.92,4.46,5.08,3.23,5.23,3.54,4.5,4.5,4.25,3.38,4.69,4.77,5.15,4.5,4.44,4.5,4.46,4.673504274,4.265384615,4.243589744,4.716880342,105,113,167,0,0,0,0,NA,NA,0,NA,1,1,1,0,0,0,0,1,0,0,0,1,1,1,0,1,1,1,0,0,1,1,82.64
"80",107,"0",1,1,3,"1.1C",8.2,"COMPLETO","",9,NA,NA,12,1,NA,1,1,1,1,1,4.69,3.92,5.08,4.15,4.62,4.15,3.75,4.25,4.17,4.85,4.38,5,4,4.73,3.78,4.2,3.93,4.341010101,4.279487179,4.435897436,4.376262626,99,3,167.5,0,0,0,0,0,NA,NA,0,1,0,1,0,0,1,0,1,0,0,1,0,1,0,1,0,1,0,0,0,0,0,82.64
"81",109,"0",1,1,3,"1.1C",9.3,"COMPLETO","",8,NA,NA,12,1,NA,1,1,1,1,1,5.23,5.15,5.85,4.92,4.15,1.77,3.25,2.42,2.42,2.92,5.15,4.31,5.77,4.83,4.22,4.2,4.21,4.666495726,3.232051282,4.512820513,4.783119658,-84.5,1,59.5,0,0,0,0,NA,0,NA,NA,0,0,0,0,0,1,1,1,1,0,0,0,0,0,0,1,0,1,0,0,0,0,54.17
"82",111,"0",1,1,3,"1.1C",9.7,"COMPLETO","",8,NA,NA,12,0,1,1,1,0,1,0,4.69,5.77,6.38,4.38,5.54,2.92,2.25,2.83,3.5,3.77,5.85,6.46,5.62,6.45,6.11,3.6,5.21,5.648515929,3.63974359,4.948717949,6.160644911,-102,164.5,-56,1,0,1,1,1,0,1,1,0,1,0,2,2,1,1,1,0,1,0,0,0,0,0,1,1,1,1,1,0,1,88.19
"83",113,"1",1,2,4,"1.2A",8.9,"COMPLETO","X",9,NA,NA,12,1,NA,1,1,1,1,1,4.46,4.62,5.54,3.92,5.62,3.08,3.17,2.58,3.33,3.92,5.62,5.23,5.75,4.67,4.89,4.4,4.71,4.987264957,3.724358974,4.538461538,5.134081197,76.5,85.5,219,1,0,0,1,1,0,NA,1,1,1,1,2,2,0,0,1,0,1,0,0,0,0,0,1,1,1,0,1,0,1,91.67
"84",116,"1",1,2,4,"1.2A",9,"COMPLETO","",9,NA,NA,12,1,NA,1,1,1,1,1,5.08,5.46,5.23,4.38,5.46,3.23,4.17,3.25,4.67,4.77,4.15,3.77,5.62,4.67,3.78,5.2,4.29,4.605811966,4.201282051,4.807692308,4.457264957,44,67,28.5,0,0,1,0,NA,NA,1,0,0,1,0,0,0,1,1,1,0,1,0,0,0,1,1,0,0,1,0,0,1,0,95.83
"85",122,"0",1,2,4,"1.2A",9.8,"COMPLETO","",7,NA,NA,13,0,1,1,1,0,1,0,6,4.85,5.31,4.69,6.08,3.85,5,2.58,3.5,4.08,4.54,4.85,4.54,5.17,5.11,5.4,5.21,5.012478632,3.93974359,5.128205128,4.915598291,157.5,84,137,1,0,1,1,1,0,1,NA,1,1,1,2,2,1,0,1,1,1,1,1,0,0,0,0,1,0,1,1,1,1,91.67
"86",124,"0",1,2,4,"1.2A",9.4,"COMPLETO","X",8,NA,NA,12,1,NA,1,1,1,1,1,3.31,4.92,5.31,4.38,5.62,1.85,5.5,3.58,4.83,3.85,5.92,5.85,5.77,5.5,4.78,5.8,5.14,5.538632479,4.737179487,4.230769231,5.473290598,29,10.5,143,1,1,0,1,1,1,0,1,0,0,1,3,3,0,1,1,0,1,0,1,0,1,0,1,1,1,1,1,1,1,88.89
"87",125,"1",1,2,4,"1.2A",8.4,"Falta Gorila y ANT","",NA,NA,NA,NA,NA,NA,NA,NA,NA,NA,NA,5.08,5,5.85,5.31,5.85,3.15,2.92,4.17,3.75,3.77,4.77,4.08,4.69,4.75,4.67,5,4.79,4.637179487,3.874358974,5.038461538,4.546474359,NA,NA,NA,0,0,1,0,NA,0,1,0,NA,NA,NA,0,0,1,1,1,1,1,0,0,1,0,0,1,0,0,0,1,1,1,NA
"88",129,"0",1,2,4,"1.2A",8.6,"COMPLETO","",9,NA,NA,14,0,1,1,1,0,0,0,4.15,3.69,3.15,3.62,4.38,3.08,3.58,4.25,3.58,2.46,4.62,4.69,5.08,5.08,4.44,4.4,4.43,4.739401709,3.698717949,3.679487179,4.824252137,160.5,84,211.5,1,0,0,0,NA,0,0,NA,1,1,1,2,0,0,0,0,0,0,0,0,1,0,0,0,1,0,1,0,0,0,63.19
"89",130,"1",1,2,4,"1.2A",8.6,"Falta Gorila y ANT","",NA,NA,NA,NA,NA,NA,NA,NA,NA,NA,NA,3.36,3.83,3.92,4.33,4.27,4.58,4.27,4.73,4.17,4.18,3.92,3.83,4.31,4.73,3,4.2,3.46,4.013659674,4.254312354,4.050505051,3.967074592,NA,NA,NA,0,0,0,0,0,NA,0,0,NA,NA,NA,0,0,0,0,0,0,0,1,0,1,0,0,0,0,0,0,0,0,0,NA
"90",131,"0",1,2,4,"1.2A",8.5,"COMPLETO","",13,9,NA,13,1,NA,2,1,1,1,1,4.38,3.92,4.08,4.08,4.38,3.23,3.92,4.25,3.75,4.08,3.69,4.25,4.42,4.67,3.78,4.2,3.93,4.262222222,3.937179487,4.013888889,4.277777778,-34.5,37.5,20,0,0,0,0,0,0,0,0,0,0,0,0,0,0,0,0,0,0,0,0,1,0,0,0,0,0,0,0,0,0,68.06
"91",133,"1",1,2,4,"1.2A",9.6,"COMPLETO","Pr‡ctica 5 veces",14,16,9,12,1,NA,3,1,1,1,1,5.31,5.77,5.77,5.69,6.38,1.46,2.5,1.83,4,3.15,5.92,6.38,5,6.25,5.44,5,5.29,5.615811966,3.482051282,5.064102564,5.769764957,11.5,121,53,1,0,1,1,1,0,1,1,0,1,0,2,2,1,1,1,1,1,0,0,0,0,0,1,1,0,1,1,1,1,95.14
"92",134,"1",1,2,4,"1.2A",7.6,"COMPLETO","",3,24,15,19,0,1,3,0,0,0,0,4.77,5.08,3.85,3.92,4.23,3.31,4.25,3.42,3.5,3,4.69,3.92,4.46,3.83,3.44,4.8,3.93,4.092478632,3.771794872,4.192307692,3.915598291,32.5,42,138,0,0,0,0,0,0,0,0,0,1,1,0,0,1,1,0,0,0,0,0,0,0,0,1,0,0,0,0,1,0,81.94
"93",135,"1",1,2,4,"1.2A",7.3,"COMPLETO","",9,NA,NA,12,1,NA,1,1,1,1,1,4.54,5.38,5,4.38,5.54,3.31,4.5,4.17,3.17,4.15,5.31,4.62,4.92,5.25,4.89,4.8,4.86,4.895470085,4.258974359,4.692307692,4.919337607,143,-36,30,1,0,1,1,NA,NA,NA,NA,1,0,0,2,2,0,1,1,0,1,0,1,1,0,0,1,1,0,1,1,1,1,95.14
"94",136,"1",1,2,4,"1.2A",7.6,"Falta Gorila y ANT","",NA,NA,NA,NA,NA,NA,NA,NA,NA,NA,NA,5.54,4.54,5.62,4.92,6.46,2.08,4.75,4.75,4.08,4.85,4.67,4.23,4.69,5.42,3.89,4,3.93,4.445726496,4.619230769,4.858974359,4.55715812,NA,NA,NA,0,1,1,0,0,1,1,NA,NA,NA,NA,1,1,1,0,1,1,1,0,1,1,0,1,0,0,0,1,0,0,0,NA
"95",138,"1",1,2,4,"1.2A",9.1,"COMPLETO","",5,9,NA,11,1,NA,2,1,1,0,0,5.38,6.46,5.77,5.92,6.15,1.31,3.08,3.18,4.08,3.85,5.31,3.46,5.62,3.83,5.22,3.6,4.64,4.346495726,3.9004662,5.166666667,4.533119658,42.5,84.5,91,0,0,1,0,0,0,1,0,0,1,0,0,0,1,1,1,1,1,0,0,0,0,0,1,0,1,0,1,0,1,93.75
"96",140,"1",1,2,4,"1.2A",8.3,"COMPLETO","X",9,NA,NA,12,1,NA,1,1,1,1,1,3.54,4.85,4.85,3.77,5.62,4.54,3.83,3.67,4.5,4.08,3.92,4.92,5.31,5.08,5,4,4.64,4.862820513,4,4.525641026,5.078525641,64,21,159,1,0,0,1,NA,0,NA,1,1,0,1,2,2,0,0,0,0,1,1,0,0,1,0,0,1,1,1,1,0,1,83.33
"97",141,"0",1,2,4,"1.2A",8.7,"COMPLETO","",3,5,8,12,1,NA,3,1,1,1,1,4.46,4.38,4.46,4.38,5.54,4.15,5.83,4.92,5.25,4.08,4,4.31,4.62,6,3.56,4.6,3.93,4.615726496,4.815384615,4.564102564,4.61965812,165,20,-100.5,0,1,1,0,NA,1,NA,NA,1,0,0,1,1,0,0,0,0,1,1,1,1,1,0,0,0,0,1,0,1,0,93.75
"98",143,"0",1,2,4,"1.2A",9.3,"COMPLETO","",7,NA,NA,12,0,1,1,1,0,1,0,4,4.75,4.58,4.11,5.08,4.62,3.92,3.55,4.57,3.55,3.92,4.25,5.25,4.1,4.56,4.25,4.46,4.481111111,3.899134199,4.522792023,4.538888889,191,65,197.5,0,0,0,0,NA,0,NA,0,1,1,1,0,0,0,0,0,0,0,1,0,0,1,0,0,0,1,0,1,0,1,81.94
"99",147,"0",1,2,4,"1.2A",9,"Falta Gorila y ANT","",NA,NA,NA,NA,NA,NA,NA,NA,NA,NA,NA,5.46,5.46,5.54,5.31,5.77,2.62,3.92,4.83,3.92,4.38,4.85,4.23,5,5.09,4.67,4.4,4.57,4.677668998,4.379487179,5.025641026,4.747086247,NA,NA,NA,0,1,1,0,NA,NA,1,NA,NA,NA,NA,1,1,1,1,1,1,1,0,0,1,0,1,1,0,0,1,1,0,1,NA
"100",148,"1",1,2,4,"1.2A",7.2,"COMPLETO","",3,9,NA,12,1,NA,2,1,1,1,1,5,5.62,6.62,3.85,5.62,4.38,3.5,3.67,4.92,6.15,3.62,4.08,5.5,6,5,4.2,4.71,4.956666667,4.370512821,5.179487179,5.145833333,60,51.5,90.5,1,1,1,1,NA,NA,1,1,1,1,0,3,3,1,1,1,0,1,1,0,0,1,1,0,0,1,1,1,0,1,89.58
"101",149,"0",1,2,4,"1.2A",8.4,"COMPLETO","",6,9,NA,11,1,NA,2,1,1,0,0,5.23,4.92,4.62,4.92,5.69,3.54,4.17,3.83,4.67,3.77,4.38,3.62,4.31,4.17,2.78,4,3.21,3.773504274,4.164102564,4.820512821,3.716880342,40,106,112.5,0,0,1,0,0,NA,1,0,0,1,1,0,0,1,1,0,1,1,0,0,0,1,0,0,0,0,0,0,0,0,79.86
"102",155,"1",1,2,5,"1.2B",9,"COMPLETO","",7,12,NA,12,0,1,2,1,0,1,0,6.25,5.85,5.73,5.36,6.92,3.83,4.75,5.17,3.63,3.5,5.25,3.42,5.6,4.6,4,3.4,3.79,4.203333333,4.458333333,5.657245532,4.404166667,-29,179.5,125.5,0,1,1,0,0,NA,1,0,0,1,1,1,1,1,1,1,1,1,1,1,1,0,0,1,0,1,0,0,0,0,95.83
"103",156,"1",1,2,5,"1.2B",9.8,"Falta Gorila y ANT","",NA,NA,NA,NA,NA,NA,NA,NA,NA,NA,NA,5,5.25,4.17,4.08,5.17,2.17,3.45,2.09,3.09,3.18,6.17,6.08,5.58,4.18,5.38,6.25,5.67,5.49469697,3.596969697,4.305555556,5.305871212,NA,NA,NA,1,0,0,1,1,0,0,1,NA,NA,NA,2,2,1,1,0,0,0,0,0,0,0,0,1,1,1,0,1,1,1,NA
"104",159,"0",1,2,5,"1.2B",8,"COMPLETO","",6,9,NA,12,1,NA,2,1,1,1,1,5.23,6.31,4.54,4.46,5.15,1.92,2.83,3.27,3.33,3,6.69,6.23,6.31,6,4.56,5.8,5,5.778803419,3.826340326,4.602564103,5.773504274,-117.5,47,-103.5,1,0,1,1,1,0,NA,1,0,1,0,2,2,1,1,0,1,0,0,0,0,0,0,1,1,1,1,1,1,1,89.58
"105",160,"1",1,2,5,"1.2B",9.4,"Falta ANT","",6,9,NA,11,1,NA,2,1,1,0,0,5.08,5.15,3.54,4.62,5.08,3.46,6,4.42,4.33,3.92,4.23,4.62,4.69,4.67,3.11,3.6,3.29,4.137094017,4.580769231,4.487179487,4.271367521,NA,NA,NA,0,1,0,0,0,1,NA,0,NA,NA,NA,1,1,1,1,0,1,0,0,1,1,1,0,0,1,0,0,0,0,0,NA
"106",165,"1",1,2,5,"1.2B",9.2,"Falta ANT","",9,NA,NA,12,1,NA,1,1,1,1,1,6.38,6,6.85,5,5.62,1,4,2.17,3.25,2.08,7,7,7,6.83,6.67,6.2,6.5,6.74,3.698717949,5.141025641,6.875,NA,NA,NA,1,0,1,1,1,0,1,1,NA,NA,NA,2,2,1,1,1,1,1,0,0,0,0,0,1,1,1,1,1,1,1,NA
"107",174,"0",1,2,5,"1.2B",8.5,"COMPLETO","",8,NA,NA,12,1,NA,1,1,1,1,1,4.85,5.69,4.15,4.23,5.38,3.83,4.92,3.5,4.08,3.62,3.85,4.54,5.62,5.33,3.78,5,4.21,4.852991453,3.992307692,4.69017094,4.816239316,14.5,16,84,1,0,1,0,NA,0,NA,NA,0,0,0,2,0,1,1,0,0,1,1,1,0,0,0,0,0,1,1,0,1,0,95.14
"108",177,"0",1,2,5,"1.2B",8.1,"COMPLETO","",6,8,NA,12,0,1,2,1,0,1,0,3.75,4.4,3.7,3.17,4.25,3.5,5,3.5,4,3.63,6,5.18,5.64,5.25,4.86,4.25,4.64,5.035064935,4.425,3.794444444,5.231331169,70,-324,133.5,1,1,0,1,1,NA,0,1,1,0,1,3,3,0,0,0,0,0,0,1,0,0,0,1,1,1,1,1,0,1,30.56
"109",184,"1",1,2,6,"1.2C",8.3,"COMPLETO","",10,NA,NA,18,1,NA,1,0,0,0,0,4.54,4.62,4.92,4.46,5.54,4.62,5.18,4.55,4.67,5,4.62,3,4.58,4.75,3.44,4,3.64,3.955555556,4.801864802,4.782051282,3.944444444,115,1.5,93,0,1,1,0,0,1,NA,0,1,0,0,1,1,0,0,0,1,1,1,1,1,1,1,0,0,0,0,0,0,0,92.36
"110",185,"1",1,2,6,"1.2C",8.4,"COMPLETO","",8,NA,NA,12,0,1,1,1,0,1,0,5,6,5.85,5.38,5.31,2.69,3.55,4.08,3.25,4.15,5.15,4.38,4.67,3.73,2.44,4,3,3.844599845,4.037296037,5.038461538,3.805749806,-14,73,242.5,0,0,1,0,0,0,1,0,0,1,1,0,0,1,1,1,1,0,0,0,0,0,0,1,0,0,0,0,0,0,89.58
"111",186,"1",1,2,6,"1.2C",9.5,"COMPLETO","",9,NA,NA,12,0,1,1,1,0,1,0,4.23,3.92,4.54,3.38,4,4.92,6,4.42,4,4.08,5.69,4.92,4.62,5.42,5.22,4.8,5.07,4.995470085,4.837179487,4.166666667,5.044337607,-35.5,-57.5,141,1,1,0,1,1,1,0,1,0,0,1,3,3,0,0,0,0,0,1,1,1,0,0,1,1,0,1,1,1,1,93.75
"112",187,"0",1,2,6,"1.2C",9.2,"COMPLETO","",5,9,NA,12,1,NA,2,1,1,1,1,4.85,4.31,4,4,5.25,4.31,4,4.92,4,4.85,4.58,4.54,4.75,4.67,3.33,2.6,3.07,3.977692308,4.469230769,4.451923077,4.322115385,NA,NA,NA,0,1,0,0,0,NA,NA,0,NA,NA,NA,1,1,1,0,0,0,0,1,0,1,0,1,0,0,0,0,0,0,0,NA
"113",190,"1",1,2,6,"1.2C",9.2,"Falta ANT","",7,NA,NA,12,1,NA,1,1,1,1,1,4.69,5,6,5.17,5.69,3.83,3.92,3.55,3.83,4.67,4.77,4.75,4.92,5.09,5.25,4.75,5.08,4.951515152,4.146270396,5.064102564,5.001893939,NA,NA,NA,1,0,1,1,NA,NA,1,NA,NA,NA,NA,2,2,1,1,1,1,1,1,0,0,0,1,1,1,0,1,1,1,1,NA
"114",192,"0",1,2,6,"1.2C",8.5,"Falta ANT","",6,8,NA,12,0,1,2,1,0,1,0,4.18,4.15,4.75,4.09,4.46,3.4,4,3.91,4.38,4,4.42,4.18,4.46,9.42,4.22,3.2,3.86,5.096449106,4.140151515,4.173018648,5.570561383,NA,NA,NA,1,0,0,1,1,NA,0,1,NA,NA,NA,2,2,0,0,0,0,0,0,0,0,1,0,0,0,0,1,0,0,0,NA
"115",193,"0",1,2,6,"1.2C",9.1,"Falta Gorila y ANT","",NA,NA,NA,NA,NA,NA,NA,NA,NA,NA,NA,3.62,4.77,3,3.62,6.62,5.62,6.92,4.75,6.08,5.31,4,4.54,4.77,5.25,4.89,4.2,4.64,4.729316239,5.411538462,4.538461538,4.861645299,NA,NA,NA,1,1,0,1,NA,1,NA,NA,NA,NA,NA,3,3,0,0,0,0,1,1,1,1,1,1,0,0,0,1,1,0,1,NA
"116",195,"0",1,2,6,"1.2C",8.5,"COMPLETO","",7,9,NA,11,0,1,2,1,0,0,0,4.85,5.15,4.54,3.92,5.69,4.62,5.08,5.17,5.17,4.77,3.85,3.15,5.46,5.5,3.56,2.6,3.21,4.054188034,4.806410256,4.794871795,4.417735043,-55,47,42,0,1,1,0,0,1,1,0,0,1,0,1,1,1,1,0,0,1,1,1,1,1,1,0,0,1,1,0,0,0,37.5
"117",199,"1",1,2,6,"1.2C",9,"COMPLETO","",10,NA,NA,11,1,NA,1,1,1,0,0,4.85,5.77,4.85,5.62,6.38,3.77,5.33,3.67,3.75,5.23,5.85,4.69,5.33,6.08,4.78,4.6,4.71,5.097350427,4.765384615,5.205128205,5.221688034,29,-8.5,116.5,1,1,1,1,1,1,1,1,0,0,1,3,3,1,1,0,1,1,1,1,0,0,1,1,1,1,1,1,1,1,90.97
"118",202,"1",1,2,6,"1.2C",9.4,"COMPLETO","",7,NA,NA,12,1,NA,1,1,1,1,1,4,5,4.85,3.85,4.62,3.92,3.42,3.5,3.58,3.38,4.62,4.69,5.38,4.08,5.22,4.4,4.93,4.756495726,3.7,4.371794872,4.845619658,-51.5,104.5,-100,1,0,0,1,NA,0,0,NA,0,1,0,2,2,0,1,0,0,0,1,0,0,0,0,0,1,1,0,1,0,1,93.06
"119",203,"0",1,2,6,"1.2C",9.3,"COMPLETO","",7,NA,NA,12,0,1,1,1,0,1,0,4.92,5.5,4.36,4,5.46,3.62,5.18,3.92,4.58,4.54,4.08,4.08,4.69,5.58,4.33,4.4,4.36,4.617179487,4.459440559,4.643939394,4.671474359,50.5,2,-22.5,0,1,1,0,NA,NA,NA,NA,0,0,0,1,1,1,1,0,0,1,0,1,0,1,1,0,0,0,1,0,0,0,90.97
"120",204,"1",1,2,6,"1.2C",7.4,"COMPLETO","",7,8,NA,13,1,NA,2,1,1,1,1,4.77,4.77,3.46,5,5.46,1.62,3.5,3,3.83,3.38,5.77,4.54,3.92,5.92,2.78,5.4,3.71,4.511196581,3.897435897,4.179487179,4.288995726,162,149,180.5,0,0,0,0,NA,0,0,0,1,1,1,0,0,1,0,0,1,1,0,0,0,0,0,1,0,0,1,0,1,0,45.83
"121",205,"0",1,2,6,"1.2C",8.7,"COMPLETO","",7,NA,NA,10,1,NA,1,0,0,0,0,5.85,6.15,5.23,5.08,5.69,1.85,4,4.58,4.5,4.69,5.23,4.31,5.15,6.08,4,4.4,4.14,4.788974359,4.601282051,4.974358974,4.886217949,114,202.5,114,1,1,1,1,NA,1,1,NA,1,1,1,3,3,1,1,1,1,1,0,0,1,1,1,1,0,1,1,0,0,0,65.28
"122",206,"0",1,2,6,"1.2C",8.8,"COMPLETO","",6,9,NA,12,1,NA,2,1,1,1,1,4.08,4.69,4.23,4.31,5.17,4.08,4.36,3.58,4.55,3.15,4.62,4.23,4.85,4,4.44,4.2,4.36,4.344273504,4.052331002,4.425213675,4.38034188,89,110.5,72.5,0,0,0,0,0,0,0,0,1,1,0,0,0,0,0,0,0,0,1,1,0,1,0,0,0,0,0,0,0,0,90.28
"123",207,"1",1,2,6,"1.2C",9.3,"COMPLETO","",8,NA,NA,12,0,1,1,1,0,1,0,5.08,4,5.31,4,5.15,4,4,4.42,4.08,4.85,4.08,4.42,4.62,4.92,3.78,3.8,3.79,4.305299145,4.284615385,4.58974359,4.431623932,127.5,81.5,42,0,0,1,0,0,NA,NA,0,1,1,0,0,0,1,0,1,0,0,1,0,1,0,1,0,0,0,0,0,0,0,83.33
"124",208,"0",1,2,6,"1.2C",9.5,"COMPLETO","",9,NA,NA,12,0,1,1,1,0,1,0,4.31,4.38,3.62,3.92,5.08,3.77,5.42,4.92,4.33,3.92,4.23,4.3,4.69,5.42,5.33,5.2,5.29,4.988461538,4.564102564,4.179487179,4.935576923,130.5,-29,68,1,1,0,1,1,1,0,NA,1,0,0,3,3,0,0,0,0,0,1,1,1,1,0,0,0,0,1,1,1,1,96.53
"125",211,"0",1,2,6,"1.2C",8.8,"COMPLETO","",9,NA,NA,12,1,NA,1,1,1,1,1,5.92,6.15,6.15,5.69,6.15,1.92,3.42,2.83,4.42,4.54,4.92,5.38,4.92,5.33,2.89,4,3.29,4.505982906,4.024358974,5.333333333,4.632478632,-36.5,-30,-25,0,0,1,0,NA,0,1,NA,0,0,0,0,0,1,1,1,1,1,0,0,0,1,1,1,1,0,1,0,0,0,84.03
"126",214,"0",1,2,6,"1.2C",8.6,"COMPLETO","",8,NA,NA,17,1,NA,1,0,0,0,0,3.82,5,3.67,4.38,5.38,3.08,4.27,3.36,6.36,3.69,5.23,4.62,4.85,5.42,5,5.2,5.08,5.015641026,4.584615385,4.221833722,4.969551282,79,97.5,194,1,1,0,1,1,1,0,NA,1,1,1,3,3,0,1,0,0,1,0,0,0,1,0,1,1,0,1,1,1,1,91.67
"127",216,"0",1,2,6,"1.2C",9.4,"COMPLETO","",5,9,NA,12,0,1,2,1,0,1,0,4.92,4.62,4.38,3.46,5.46,4.69,3.58,5,4.58,5.15,4.38,4.23,4.92,5.5,3.89,3.8,3.86,4.468547009,4.541025641,4.58974359,4.635683761,39,32.5,39,0,1,1,0,NA,1,NA,NA,0,0,0,1,1,1,0,0,0,1,1,0,1,1,1,0,0,0,1,0,0,0,95.83
"128",217,"0",2,1,7,"2.1",9.6,"COMPLETO","",6,7,NA,11,0,1,2,1,0,0,0,3.46,4.31,5.15,4.08,3.77,5.15,5.17,4.92,4.75,4.46,4,4.08,4.31,5.5,4.78,4,4.5,4.533760684,4.658974359,4.320512821,4.667200855,21,44,360,0,1,0,0,NA,1,0,NA,0,1,1,1,1,0,0,1,0,0,1,1,1,1,1,0,0,0,1,1,0,1,25
"129",221,"1",2,1,7,"2.1",9.6,"COMPLETO","",6,6,7,12,1,NA,3,1,1,1,1,4.15,4.31,4.85,3.85,4.69,5.15,4.42,4.25,5.25,4.77,3.85,6,4.23,5.25,4.56,5.4,4.86,5.087264957,4.506410256,4.5,5.009081197,-200.5,108,27,1,1,0,1,1,NA,NA,NA,0,1,0,3,3,0,0,0,0,0,1,1,1,1,1,0,1,0,1,1,1,1,64.58
"130",223,"0",2,1,7,"2.1",9.3,"Falta Gorila","",NA,NA,NA,NA,NA,NA,NA,NA,NA,NA,NA,5.46,5.46,4.46,4.42,4.77,5.54,4.75,5.92,5.09,4.62,5.23,5.54,4.92,5,5.33,5.8,5.5,5.318974359,5.120745921,5.018162393,5.198717949,151,102.5,158.5,1,1,1,1,1,1,1,1,1,1,1,3,3,1,1,0,1,0,1,1,1,1,1,1,1,0,0,1,1,1,85.42
"131",226,"1",2,1,7,"2.1",9,"Falta Gorila","",NA,NA,NA,NA,NA,NA,NA,NA,NA,NA,NA,4.85,4.08,5.08,4.31,4.31,4.85,4.67,5.17,4.5,4.31,4.54,4.77,4,5.91,5.33,4.6,5.07,4.922331002,4.635897436,4.577991453,5.002913753,93,-53,-592.5,1,1,1,1,NA,1,NA,NA,1,0,0,3,3,1,0,1,0,0,1,1,1,1,1,0,1,0,1,1,1,1,54.86
"132",227,"1",2,1,7,"2.1",9,"COMPLETO","",7,7,NA,10,0,1,2,0,0,0,0,4,4.36,4.42,4.08,4.33,4.5,4.36,4.64,4.44,3.83,3.56,4.31,5.15,4.64,4.86,4.4,4.67,4.671008991,4.166666667,4.282828283,4.738761239,-12.5,149,-62.5,0,0,0,0,NA,NA,0,NA,0,1,0,0,0,0,0,0,0,0,1,1,1,1,0,0,0,1,0,1,0,1,45.14
"133",229,"0",2,1,7,"2.1",9.3,"COMPLETO","",5,7,NA,12,1,NA,2,1,1,1,1,4.62,4.54,5.69,4.54,4.15,4.77,4.33,4.92,5,4.46,4.54,4.31,4.62,5.67,4.78,6.2,5.29,5.113504274,4.65,4.717948718,4.841880342,-65.5,5,321,1,1,1,1,1,1,NA,NA,0,0,1,3,3,0,0,1,1,0,1,1,1,1,1,0,0,0,1,1,1,1,67.36
"134",230,"0",2,1,7,"2.1",9.3,"COMPLETO","",4,8,NA,10,1,NA,2,0,0,0,0,4.82,4,5.08,4.69,3.23,4.69,4.08,4.55,3.92,4.17,4.92,4.46,4.38,5.17,4.78,5,4.86,4.758119658,4.327039627,4.418414918,4.697649573,-99,-11,17,1,1,0,0,NA,NA,0,NA,0,0,0,3,1,1,0,1,1,0,1,0,1,0,0,1,0,0,1,1,1,1,77.78
"135",231,"1",2,1,7,"2.1",9.3,"COMPLETO","",8,NA,NA,13,1,NA,1,1,1,1,1,4.75,4.08,5.15,4.08,4.08,4.85,5.17,4.5,4.83,4.75,4.31,5.62,4.62,5.18,4.67,5.2,4.86,5.055850816,4.711538462,4.498931624,5.01981352,47.5,-40.5,-30.5,1,1,0,1,1,1,NA,NA,0,0,0,3,3,1,0,1,0,0,1,1,1,1,1,0,1,0,1,1,1,1,88.89
"136",232,"0",2,1,7,"2.1",8.3,"COMPLETO","",9,NA,NA,12,0,1,1,1,0,1,0,3.38,4.15,6.08,3.85,5.15,3.83,5.5,3.91,4,3.69,4.5,4.23,4.08,4.36,4.25,6.4,5.08,4.664265734,4.32027972,4.409188034,4.230332168,-24.5,-106,318.5,0,1,0,0,NA,NA,0,0,0,0,1,1,1,0,0,1,0,0,1,1,0,0,0,0,0,0,0,0,1,1,72.92
"137",235,"1",2,1,7,"2.1",9.3,"COMPLETO","",9,NA,NA,12,1,NA,1,1,1,1,1,4.69,4.31,5,4.77,4.75,4.54,4.92,5,6.18,3.23,4.54,4.31,3.92,5,5.38,5.2,5.31,4.759871795,4.773543124,4.676282051,4.649839744,2,51,104.5,1,1,1,0,NA,1,NA,NA,0,1,1,3,1,1,0,1,1,0,1,1,1,1,0,0,0,0,0,1,1,1,97.22
"138",236,"0",2,1,7,"2.1",9.6,"COMPLETO","",9,NA,NA,13,1,NA,1,1,1,1,1,4.31,3.77,5.38,4.62,5.62,3.54,4.83,5.25,4.75,4.62,4.92,4.15,3.54,4.91,4.67,5,4.79,4.453613054,4.874358974,4.538461538,4.317016317,39,-4,92.5,0,1,0,0,0,1,NA,0,0,0,0,1,1,0,0,1,1,1,0,1,1,1,1,1,0,0,0,1,1,1,84.03
"139",238,"0",2,1,7,"2.1",9,"COMPLETO","",8,NA,NA,11,1,NA,1,1,1,0,0,4.54,4.5,4.46,4.36,3.31,5,3.42,4.67,4.58,4.15,4.58,5.38,4.92,6.33,4.44,5.4,4.79,5.297094017,4.280769231,4.361888112,5.271367521,94.5,-0.5,68,1,0,0,1,1,NA,0,1,1,0,0,2,2,0,0,0,0,0,1,0,1,1,0,0,1,0,1,0,1,1,84.03
"140",239,"1",2,1,7,"2.1",9.3,"Falta Gorila","",NA,NA,NA,NA,NA,NA,NA,NA,NA,NA,NA,4,4.69,5.31,5.31,3.77,3.23,4.25,4,3.92,2.85,4.17,5.08,4.69,4.27,5,4.6,4.86,4.728391608,3.835897436,4.384615385,4.76048951,138.5,80.5,18,1,0,0,0,NA,0,0,NA,1,1,0,2,0,0,0,1,1,0,0,0,0,0,0,0,1,0,0,1,1,1,86.81
"141",242,"1",2,1,7,"2.1",9,"COMPLETO","",5,8,NA,13,0,1,2,1,0,1,0,4.77,5.15,5.31,4.92,5.09,5.5,4.25,4.09,5.25,4.54,4.91,4.62,4.23,6.25,5.22,5,5.14,5.063675214,4.607692308,5.123057498,5.079594017,43.5,75,123.5,1,1,1,1,1,1,1,1,0,1,1,3,3,1,1,1,1,0,1,0,1,1,1,1,1,0,1,1,1,1,75
"142",243,"0",2,1,7,"2.1",9.3,"COMPLETO","",7,7,NA,14,0,1,2,1,0,0,0,3.62,3.46,5.46,4.46,4.31,5.54,4.75,4.25,4.25,4.08,5.85,4.69,4.46,5.75,4.44,5.6,4.86,4.98965812,4.634615385,4.474358974,4.83707265,-14,-97.5,-103.5,1,1,0,1,1,1,NA,NA,0,0,0,3,3,0,0,1,1,0,1,1,1,1,0,1,1,0,1,0,1,1,62.5
"143",244,"0",2,1,7,"2.1",9,"COMPLETO","",7,7,NA,13,1,NA,2,1,1,1,1,7,4.08,5.31,4.38,4.23,4.62,3.83,3.33,4.58,4.85,4.23,3,3.82,4.58,4.33,5.6,4.79,4.266969697,4.165384615,4.936965812,3.933712121,224.5,124,101.5,0,0,1,0,0,NA,1,0,1,1,1,0,0,1,0,1,0,0,1,0,0,1,1,0,0,0,0,0,1,1,72.92
"144",245,"1",2,1,7,"2.1",9.6,"COMPLETO","",8,NA,NA,12,0,1,1,1,0,1,0,4.54,5.46,3.77,4.77,5.08,4.54,5.5,5.08,4.5,4.46,4.67,5.31,4.38,5.08,3.44,4,3.64,4.444017094,4.842307692,4.692307692,4.555021368,35.5,-12,139.5,0,1,1,0,0,1,NA,0,0,0,1,1,1,0,1,0,1,0,1,1,1,1,1,0,1,0,1,0,0,0,93.75
"145",246,"1",2,1,7,"2.1",9.3,"Falta Gorila","",NA,NA,NA,NA,NA,NA,NA,NA,NA,NA,NA,4.38,3.91,4.45,4.83,4.73,4.42,4.1,4.17,4.17,5.62,5,4.85,4.31,4.58,4.67,4,4.43,4.480769231,4.60974359,4.454254079,4.600961538,102,-12,93,0,1,0,0,NA,1,NA,NA,1,0,0,1,1,0,0,0,1,0,1,0,1,0,1,1,1,0,0,1,0,0,50
"146",247,"0",2,2,8,"2.2",9.4,"COMPLETO","",8,NA,NA,12,1,NA,1,1,1,1,1,5.54,3.58,6,5.62,5,5.38,5,5,5.55,3.92,3.62,4.85,5,5.33,5.11,6,5.43,5.258119658,4.616783217,5.186965812,5.072649573,106.5,-31.5,136,1,1,1,1,1,1,1,1,1,0,1,3,3,1,0,1,1,0,1,1,1,1,0,0,1,0,1,1,1,1,93.75
"147",248,"0",2,2,8,"2.2",9.5,"COMPLETO","",13,10,NA,15,0,1,2,0,0,0,0,4.15,4.92,5.23,4.38,3.33,4.54,4.92,4,4.58,3.31,4.54,3.77,4.46,4.92,4.56,5.6,4.93,4.660598291,4.269230769,4.427350427,4.425747863,112,82.5,172,0,0,0,0,NA,NA,NA,0,1,1,1,0,0,0,1,1,0,0,1,1,0,1,0,0,0,0,0,1,1,1,92.36
"148",252,"0",2,2,8,"2.2",8.8,"COMPLETO","",9,NA,NA,12,0,1,1,1,0,1,0,5.33,4.33,5.46,3.62,4.69,4.23,4.58,4.33,4.58,4.54,4.77,4.77,4.92,4.58,5,5.4,5.14,4.935128205,4.561538462,4.611111111,4.818910256,43,-52,161,1,1,1,0,NA,1,NA,NA,0,0,1,3,1,1,0,1,0,0,1,1,1,1,1,1,1,0,0,1,1,1,95.83
"149",253,"1",2,2,8,"2.2",8.2,"COMPLETO","",7,9,NA,12,1,NA,2,1,1,1,1,4.7,4.23,5.46,4.25,4.38,5.15,4.25,5.08,4.17,5.82,4.85,4.38,4.67,4.73,4.78,5,4.86,4.711266511,4.832867133,4.696794872,4.639083139,13,58.5,128,1,1,1,0,NA,1,NA,NA,0,1,1,3,1,1,0,1,0,0,1,0,1,0,1,1,0,0,0,1,1,1,71.53
"150",258,"1",2,2,8,"2.2",9.6,"Falta Gorila","",NA,NA,NA,NA,NA,NA,NA,NA,NA,NA,NA,3.92,4,5.25,3.69,4.62,4.54,4.83,5.08,4.75,4,4.69,5.62,4.77,4.33,4.67,5,4.79,4.876923077,4.671794872,4.336538462,4.846153846,46.5,21,141,1,1,0,1,NA,1,0,NA,0,0,1,3,3,0,0,1,0,0,1,1,1,1,0,1,1,0,0,1,1,1,90.28
"151",259,"1",2,2,8,"2.2",9.4,"COMPLETO","",7,9,NA,12,1,NA,2,1,1,1,1,4.55,5.38,4.69,4.25,4.77,3.69,6,3.75,4.36,3.75,5.85,4.85,5.25,5,3.33,4,3.57,4.485897436,4.741958042,4.555652681,4.607371795,12.5,8,135,0,1,0,0,NA,1,NA,NA,0,0,1,1,1,0,1,0,0,0,1,1,0,1,0,1,1,1,0,0,0,0,89.58
"152",262,"1",2,2,8,"2.2",9.7,"COMPLETO","",6,8,NA,11,1,NA,2,1,1,0,0,4.75,3.62,4.38,4.54,3.67,4.92,3.83,4.17,4.18,4.5,4.54,3.46,3.77,4.17,5.22,5.4,5.29,4.403931624,4.244055944,4.313034188,4.15491453,6,71,131,0,0,0,0,0,NA,0,0,0,1,1,0,0,1,0,0,1,0,1,0,1,1,1,0,0,0,0,1,1,1,93.75
"153",264,"1",2,2,8,"2.2",8.4,"COMPLETO","",8,NA,NA,11,1,NA,1,1,1,0,0,5.23,5.69,5.31,4.69,6.42,4,5.5,4.18,4,5.54,4.08,2.83,4.85,5.27,3.5,3.4,3.46,3.97044289,4.659440559,5.223290598,4.113053613,120,71,140,0,1,1,0,0,1,1,0,1,1,1,1,1,1,1,1,1,1,1,1,1,0,1,0,0,0,1,0,0,0,96.53
"154",265,"1",2,2,8,"2.2",8.3,"COMPLETO","",9,NA,NA,12,1,NA,1,1,1,1,1,4.08,4.46,4.46,3.77,4.77,2.69,3.33,3.92,3.67,3.38,5.31,6.15,5.92,5.08,4.89,5.6,5.14,5.52982906,3.921794872,4.038461538,5.512286325,75.5,95,130,1,0,0,1,1,0,0,1,1,1,1,2,2,0,0,0,0,0,0,0,0,0,0,1,1,1,1,1,1,1,90.28
"155",266,"0",2,2,8,"2.2",9.8,"COMPLETO","",8,NA,NA,12,1,NA,1,1,1,1,1,4.23,4.38,4.77,4.46,4.62,4.31,4.42,4.42,4.58,4.46,4.23,4.23,4.38,5.17,4.56,4.8,4.64,4.627521368,4.421794872,4.461538462,4.584401709,46,-32,136.5,0,1,0,0,NA,NA,NA,NA,0,0,1,1,1,0,0,0,1,0,1,1,1,1,1,0,0,0,1,1,1,1,77.78
"156",267,"0",2,2,8,"2.2",7.6,"COMPLETO","",4,5,8,12,1,NA,3,1,1,1,1,4.92,4.31,5.23,4.85,5,4.85,4.42,5.5,4.08,4.62,5.15,4.38,4.92,5.5,4.78,5.8,5.14,5.077094017,4.753846154,4.858974359,4.896367521,-126,-118,152,1,1,1,1,1,1,1,NA,0,0,1,3,3,1,0,1,1,0,1,1,1,0,1,1,0,0,1,1,1,1,40.28
"157",268,"1",2,2,8,"2.2",9.2,"COMPLETO","",3,8,NA,12,1,NA,2,1,1,1,1,3.85,4.38,5.15,3.85,4.85,4.92,4.42,4.33,5.25,4.15,4.31,4.62,4.23,5.17,4.56,4.6,4.57,4.633675214,4.492307692,4.5,4.642094017,59.5,109.5,270,0,1,0,0,NA,NA,NA,NA,1,1,1,1,1,0,0,1,0,0,1,1,1,1,0,0,1,0,1,1,1,1,83.33
"158",272,"1",2,2,8,"2.2",9.4,"COMPLETO","",8,NA,NA,12,0,1,1,1,0,1,0,3.38,2.92,6.62,4.85,4.38,5.33,4.67,5.25,5.82,4.46,4,4.31,4.62,6.5,4.89,4.8,4.86,5.022393162,4.839277389,4.581196581,5.077991453,-19,-16,111.5,1,1,1,1,1,1,NA,1,0,0,1,3,3,0,0,1,1,0,1,1,1,1,1,0,0,0,1,1,1,1,94.44
"159",273,"1",3,0,9,"3.P",NA,"COMPLETO","",7,9,NA,12,1,NA,2,1,1,1,1,5.85,5.69,6.46,6.23,5.92,1.69,4.5,2.08,4.67,5.38,4.75,2.92,5.38,4.83,3.22,4.8,3.79,4.232649573,4.276923077,5.307692308,4.090811966,149.5,-18.5,64,0,0,1,0,0,NA,1,0,1,0,0,0,0,1,1,1,1,1,0,1,0,1,1,1,0,1,0,0,1,0,73.61
"160",274,"0",3,0,9,"3.P",NA,"COMPLETO","",6,9,NA,11,0,1,2,1,0,0,0,4.85,5.08,5.77,4.46,5.92,3.85,3.42,3.92,3.58,4.08,5.62,5.69,6.23,5,5,5.2,5.07,5.424615385,4.121794872,4.987179487,5.480769231,-10,126.5,131,1,0,1,1,1,NA,1,1,0,1,1,2,2,1,1,1,1,1,1,0,0,0,0,1,1,1,0,1,1,1,88.19
"161",275,"1",3,0,9,"3.P",NA,"Falta Gorila","",NA,NA,NA,NA,NA,NA,NA,NA,NA,NA,NA,3.38,4.77,4.38,4.08,6.15,4,4.67,3.92,3.33,2.85,4.62,4.69,5.54,4.83,6,5,5.64,5.212820513,3.875641026,4.461538462,5.266025641,127.5,62,391,1,0,0,1,1,0,NA,1,1,1,1,2,2,0,0,0,0,1,1,1,0,0,0,0,1,1,0,1,1,1,70.83
"162",276,"0",3,0,9,"3.P",NA,"COMPLETO","Tal vez le dijo Shelly",NA,NA,NA,NA,NA,NA,NA,NA,NA,NA,NA,4.62,5.67,4.42,4.33,5.46,2.46,5.55,5.08,5.3,4.46,5.54,4.85,5.17,4.91,5.33,5,5.21,5.051048951,5.185757576,4.492521368,5.063811189,-55,25.5,60.5,1,1,0,1,1,1,NA,1,0,0,0,3,3,0,1,0,0,1,0,1,1,1,1,1,1,1,0,1,1,1,72.92
"163",277,"0",3,0,9,"3.P",NA,"COMPLETO","",4,8,NA,13,1,NA,2,1,1,1,1,5.92,5.54,6.5,6.33,5.42,1.31,2.75,4.75,2.55,4.23,4.36,3.54,4.69,6.42,4.22,4.6,4.36,4.693931624,3.727972028,5.169871795,4.71741453,196.5,21.5,61.5,0,0,1,0,NA,0,1,NA,1,0,0,0,0,1,1,1,1,1,0,0,1,0,0,0,0,0,1,0,1,0,81.94
"164",278,"0",3,0,9,"3.P",NA,"COMPLETO","",7,9,NA,12,1,NA,2,1,1,1,1,3.77,4.46,3.85,3.69,4.77,3.15,4.58,4.33,5.17,4.23,4.75,6.15,5.85,4.58,6,4.2,5.36,5.356666667,4.612820513,3.948717949,5.645833333,52.5,-68.5,87.5,1,1,0,1,1,1,0,1,0,0,0,3,3,0,0,0,0,0,0,1,1,1,0,1,1,1,0,1,0,1,94.44
"165",279,"0",3,0,9,"3.P",NA,"COMPLETO","",4,9,NA,12,1,NA,2,1,1,1,1,5.08,5.77,4.69,4.62,5.38,3.62,3.91,3.17,3.08,4.08,5,5.08,4.92,4.4,5.22,5.2,5.21,4.964444444,3.847202797,4.858974359,4.905555556,225,-8,23,1,0,1,1,NA,0,1,NA,1,0,0,2,2,1,1,0,1,1,0,0,0,0,0,1,1,0,0,1,1,1,21.53
"166",280,"0",3,0,9,"3.P",NA,"COMPLETO","",6,8,NA,12,1,NA,2,1,1,1,1,4.77,4.46,3.85,5.23,5.54,3.23,5.5,4,4.17,4.23,4.62,4.46,5.08,4.5,5.22,4.6,5,4.772136752,4.502564103,4.512820513,4.81517094,99,10.5,160.5,1,1,0,0,NA,NA,NA,NA,1,0,1,3,1,1,0,0,1,1,0,1,0,0,0,0,0,0,0,1,1,1,81.25
"167",281,"0",3,0,9,"3.P",NA,"COMPLETO","",8,NA,NA,12,0,1,1,1,0,1,0,4.92,5,4.92,4.69,5.83,3.62,4.25,5.08,5,5.08,3.77,4.08,4.69,4.75,3.89,4.4,4.07,4.361623932,4.635897436,4.831196581,4.352029915,-198.5,-65,-23,0,1,1,0,0,1,1,0,0,0,0,1,1,1,1,0,1,1,0,0,1,1,1,0,0,0,0,0,0,0,69.44
"168",282,"1",3,0,9,"3.P",NA,"COMPLETO","",12,8,NA,12,1,NA,2,1,1,1,1,4.77,5.38,4.85,4.69,5.85,3.15,4.17,3.83,3.83,4.15,5.15,5.38,5.85,5.17,5.33,5.2,5.29,5.386153846,4.228205128,4.782051282,5.432692308,94,-87.5,128.5,1,0,1,1,1,NA,NA,1,1,0,1,2,2,1,1,0,1,1,0,0,0,0,0,1,1,1,1,1,1,1,90.28
"169",283,"0",3,0,9,"3.P",NA,"COMPLETO","",8,8,NA,8,0,1,2,0,0,0,0,3.46,5,3.75,3.15,4.23,5.46,3.3,3.25,3.25,3.23,5.08,5,5.62,3.92,5.44,5,5.29,4.995299145,3.621538462,4.176282051,4.994123932,10,352.5,-94.5,1,0,0,1,1,0,0,NA,0,1,0,2,2,0,1,0,0,0,1,0,0,0,0,1,1,1,0,1,1,1,30.56
"170",284,"0",3,0,9,"3.P",NA,"Falta Gorila","",NA,NA,NA,NA,NA,NA,NA,NA,NA,NA,NA,5.15,5.08,5.85,5.08,5.54,2.92,5.58,3.67,4.67,4.77,3.92,4.46,5.23,5.25,5.33,3.4,4.64,4.735128205,4.520512821,4.935897436,5.068910256,112,63.5,187.5,1,1,1,1,NA,NA,1,1,1,1,1,3,3,1,1,1,1,1,0,1,0,1,1,0,0,1,1,1,0,1,90.28
"171",287,"0",3,0,9,"3.P",NA,"COMPLETO","",6,10,NA,11,1,NA,2,1,1,0,0,3.92,4.58,3.54,4.23,5.54,2.38,2.92,3.45,2.6,2,6.54,6.69,6.85,5,6.67,4.8,6,6.001025641,3.501934732,4.033119658,6.301282051,113,179,200.5,1,0,0,1,1,0,0,1,1,1,1,2,2,0,0,0,0,1,0,0,0,0,0,1,1,1,0,1,1,1,93.75
"172",288,"1",3,0,9,"3.P",NA,"COMPLETO","",7,NA,NA,10,1,NA,1,0,0,0,0,3.46,5.23,4.25,4.15,5.77,1,3.33,2.25,1.82,1.85,6.54,5.62,6.54,5.92,5.11,5.4,5.21,5.716324786,3.157226107,3.977564103,5.795405983,105,60.5,62,1,0,0,1,1,0,0,1,1,1,0,2,2,0,1,0,0,1,0,0,0,0,0,1,1,1,1,1,1,1,87.5
"173",289,"1",3,1,10,"3.1",NA,"Falta Gorila","",NA,NA,NA,NA,NA,NA,NA,NA,NA,NA,NA,5.85,5.15,5.92,5.92,6.08,1.85,4.25,4.67,5.55,5.54,3.38,3.31,4.62,5.58,3.22,3.6,3.36,4.065726496,4.677039627,5.128205128,4.18215812,20.5,-41.5,233.5,0,1,1,0,0,1,1,0,0,0,1,1,1,1,1,1,1,1,0,0,1,1,1,0,0,0,1,0,0,0,95.14
"174",290,"1",3,1,10,"3.1",NA,"COMPLETO","Tal vez ya lo hab’an visto",NA,NA,NA,NA,NA,NA,NA,NA,NA,NA,NA,3.75,5.25,4.27,4.69,5.23,1.45,4.5,4.75,3.4,4.27,5.17,4.83,5.69,5,5.13,4.6,4.92,5.050128205,4.417878788,4.108391608,5.162660256,185.5,-52,-54,1,1,0,1,1,NA,0,1,1,0,0,3,3,0,1,0,1,0,0,1,1,0,1,1,1,1,0,1,1,1,52.08
"175",291,"0",3,1,10,"3.1",NA,"COMPLETO","Tal vez ya lo hab’an visto",NA,NA,NA,NA,NA,NA,NA,NA,NA,NA,NA,4.92,5.08,5,3.83,4.92,4.23,4.92,4.42,4.25,4.77,4.33,4.46,5.15,5,5,3,4.29,4.523076923,4.537179487,4.664529915,4.903846154,162,123,31.5,0,1,1,1,NA,1,NA,NA,1,1,0,1,3,1,1,1,0,0,1,1,1,1,1,0,0,1,0,1,0,0,90.97
"176",292,"0",3,1,10,"3.1",NA,"Falta Gorila","",NA,NA,NA,NA,NA,NA,NA,NA,NA,NA,NA,5.5,5.08,6.67,6.31,6.23,1.08,5.92,5.58,4.09,5.42,4.46,4.46,5.75,5.45,3.67,3.8,3.71,4.626550117,5.093822844,5.144230769,4.833187646,94.5,5.5,45.5,0,1,1,1,NA,1,1,NA,1,0,0,1,3,1,1,1,1,1,0,1,1,0,1,0,0,1,1,0,0,0,99.31
"177",293,"1",3,1,10,"3.1",NA,"COMPLETO","Tal vez ya lo hab’an visto",NA,NA,NA,NA,NA,NA,NA,NA,NA,NA,NA,3.15,5.08,4.69,3.54,5.23,3.69,4.17,3.55,2.25,2.69,5.75,6.54,6.25,5.17,6.22,4.6,5.64,5.755470085,3.680885781,4.230769231,6.044337607,79,57,109,1,0,0,1,1,0,0,1,1,1,1,2,2,0,1,0,0,0,1,0,0,0,0,1,1,1,1,1,1,1,93.06
"178",295,"0",3,1,10,"3.1",NA,"Falta Gorila","",NA,NA,NA,NA,NA,NA,NA,NA,NA,NA,NA,4.17,5.15,6.08,3.69,5.69,5.33,2.92,2.92,4.09,5.15,4.38,4.69,5.46,5.5,5.89,3.8,5.14,5.068547009,3.892540793,5.019230769,5.385683761,67,-28.5,196.5,1,0,1,1,1,0,1,1,1,0,1,2,2,0,1,1,0,1,1,0,0,0,1,0,1,1,1,1,0,1,94.44
"179",296,"0",3,1,10,"3.1",NA,"COMPLETO","Ya lo hab’a visto",NA,NA,NA,NA,NA,NA,NA,NA,NA,NA,NA,4.08,5.46,4.54,4.31,5.31,2.92,4.92,4.25,4.58,4.46,4.5,5.54,5.62,5.17,3.78,5.4,4.36,5.09965812,4.542307692,4.436965812,5.02457265,53.5,162.5,268,1,1,0,1,1,1,NA,NA,0,1,1,3,3,0,1,0,0,0,0,1,1,1,1,0,1,1,1,0,1,0,79.86
"180",297,"1",3,1,10,"3.1",NA,"COMPLETO","Ya lo hab’a visto",NA,NA,NA,NA,NA,NA,NA,NA,NA,NA,NA,4.5,4.46,3.46,4.23,5.15,1.92,5.42,4.17,4.75,5.15,3.75,4.46,4.45,5.33,3.44,3.4,3.43,4.218772339,4.647435897,3.954059829,4.423465423,87.5,77,67,0,1,0,0,0,1,0,0,1,1,0,1,1,0,0,0,0,0,0,1,1,1,1,0,0,0,1,0,0,0,96.53
"181",300,"0",4,1,11,"4.1A",10,"COMPLETO","",6,9,NA,12,0,1,2,1,0,1,0,3.92,5,5.15,4.62,5.69,3.85,2.42,3.25,3.25,3,4.85,5.54,5.31,5.5,5.38,4.6,5.08,5.264230769,3.352564103,4.704059829,5.430288462,59,52,21,1,0,1,1,1,0,NA,1,1,1,0,2,2,0,1,1,1,1,1,0,0,0,0,1,1,1,1,1,1,1,96.53
"182",301,"1",4,1,11,"4.1A",9.4,"COMPLETO","",9,NA,NA,12,1,NA,1,1,1,1,1,3.62,5.23,5.54,4.31,4.31,2.54,4.17,4.25,4.58,5.15,3.54,3.54,5.92,4.5,2.75,3.4,3,4.022307692,4.338461538,4.256410256,4.177884615,-5,73.5,116,0,1,0,0,0,NA,0,0,0,1,1,1,1,0,1,1,0,0,0,0,1,1,1,0,0,1,0,0,0,0,88.19
"183",302,"0",4,1,11,"4.1A",9.6,"COMPLETO","",9,NA,NA,12,1,NA,1,1,1,1,1,2.69,5.33,2.62,3.62,5.85,3.46,4.27,3.42,3.67,3.75,5.5,6.62,6.08,4.83,5.88,4.4,5.31,5.560128205,4.121212121,3.927350427,5.850160256,95.5,48.5,55,1,0,0,1,1,NA,0,1,1,1,0,2,2,0,1,0,0,1,0,0,0,0,0,1,1,1,0,1,0,1,97.22
"184",303,"1",4,1,11,"4.1A",9.5,"COMPLETO","",9,NA,NA,13,1,NA,1,1,1,1,1,3.69,5.38,4.62,4.62,5.31,3.23,5.25,5.17,4.67,4.54,4.08,5,5.92,5.5,4.38,4.2,4.31,4.999615385,4.73974359,4.474358974,5.199519231,172,-24,152.5,1,1,0,1,1,1,NA,1,1,0,1,3,3,0,1,0,1,0,0,1,1,1,1,0,1,1,1,0,0,0,97.92
"185",305,"1",4,1,11,"4.1A",9.1,"Falta Gorila","",NA,NA,NA,NA,NA,NA,NA,NA,NA,NA,NA,6.15,6.23,5.42,5.46,6.23,1.62,3.92,4,2.17,3.69,4.92,4.38,4.54,5.55,4,4.6,4.3,4.692132867,3.738461538,5.18482906,4.617132867,117.5,44.5,141,0,0,1,0,NA,0,1,NA,1,1,1,0,0,1,1,1,1,1,0,0,0,0,0,1,0,0,1,0,1,0,96.53
"186",306,"0",4,1,11,"4.1A",9.2,"COMPLETO","",24,7,NA,12,1,NA,2,1,1,1,1,4.08,4.31,4.46,3.15,5.46,4.23,5.17,4.25,3.75,4.31,4.08,4.69,5.09,5.08,4.63,5,4.77,4.898310023,4.311538462,4.282051282,4.872887529,61.5,-42,22,1,1,0,1,NA,NA,0,NA,1,0,0,3,3,0,0,0,0,1,1,1,1,0,1,0,1,1,1,1,1,1,86.81
"187",310,"1",4,1,12,"4.1B",9.4,"COMPLETO","",9,NA,NA,13,0,1,1,1,0,1,0,4.46,4,5.54,4.77,5.54,3.31,3.75,3.83,4.17,5.92,4.67,3.85,5.08,6,4.13,3,3.69,4.409615385,4.467948718,4.602564103,4.762019231,148,-18,91.5,0,1,1,0,0,NA,NA,NA,1,0,0,1,1,0,0,1,1,1,0,0,0,0,1,0,0,0,1,0,0,0,93.75
"188",311,"1",4,1,12,"4.1B",9.4,"COMPLETO","",9,NA,NA,12,1,NA,1,1,1,1,1,4.62,5.75,4.54,4.08,6.23,5.08,5.73,4.83,5.27,4.38,5.38,4.46,5.54,5.67,4.38,4.2,4.31,4.848333333,5.120512821,5.048076923,5.010416667,26,-63,51,1,1,1,1,NA,1,1,NA,0,0,0,3,3,0,1,0,0,1,1,1,1,1,1,1,0,1,1,0,0,0,86.81
"189",312,"1",4,1,12,"4.1B",9.6,"COMPLETO","",6,9,NA,12,1,NA,2,1,1,1,1,4.69,4.69,5.31,3.77,6.46,3.85,5.5,4.92,5.33,5.15,3.23,4.54,4.62,5.5,5.13,3.6,4.54,4.675769231,4.826923077,4.794871795,4.944711538,69,58,-10.5,0,1,1,1,NA,1,1,NA,1,1,0,1,3,1,0,1,0,1,1,1,1,1,1,0,0,0,1,1,0,1,90.97
"190",313,"0",4,1,12,"4.1B",9.7,"COMPLETO","",8,NA,NA,12,1,NA,1,1,1,1,1,4.46,4.54,3.85,4.85,5.85,2.69,5.08,4.25,4.08,4.69,5.23,5.62,5.15,4.75,4.44,4.4,4.42,4.872735043,4.667948718,4.371794872,4.990918803,16.5,20,77.5,1,1,0,1,NA,1,0,NA,0,0,0,3,3,0,0,0,1,1,0,1,1,0,1,1,1,1,0,0,0,0,97.92
"191",314,"0",4,1,12,"4.1B",9.7,"COMPLETO","",8,NA,NA,10,1,NA,1,0,0,0,0,3.75,4.62,4.85,4.23,5.15,4.46,4.42,4.5,4.36,4.08,4.92,5.38,5.38,5.33,4.13,4.6,4.31,4.965512821,4.454778555,4.509615385,5.056891026,44.5,-34.5,65.5,1,1,0,1,NA,NA,NA,1,0,0,0,3,3,0,0,0,0,0,1,1,1,1,0,1,1,1,1,0,1,0,94.44
"192",315,"1",4,1,12,"4.1B",8.9,"COMPLETO","",7,NA,NA,11,0,1,1,1,0,0,0,3.23,4.77,3.92,4.46,5.31,2.46,3.09,4.09,4.33,5.46,4.38,4.31,4.92,4.75,3.75,3.4,3.62,4.224871795,4.272261072,4.025641026,4.431089744,27,-40.5,-15,0,0,0,0,0,NA,0,0,0,0,0,0,0,0,0,0,1,0,0,0,1,1,1,0,0,0,0,0,0,0,67.36
"193",317,"0",4,1,12,"4.1B",9.7,"COMPLETO","",8,NA,NA,11,1,NA,1,1,1,0,0,3.92,5.23,3.92,3.62,5.77,4.31,4.92,4.42,4.67,4.85,5.15,6.15,5.69,5.08,5.25,5,5.15,5.435897436,4.8,4.460470085,5.544871795,92.5,69,120,1,1,0,1,1,1,NA,1,1,1,1,3,3,0,1,0,0,1,1,1,1,1,1,1,1,1,1,1,1,1,95.83
"194",319,"1",4,1,12,"4.1B",9.3,"COMPLETO","",7,NA,NA,12,1,NA,1,1,1,1,1,4.46,5.46,3.85,5.31,6,1.54,3,4.25,4.17,5,5.85,4.31,5.77,3.92,5.63,4.4,5.15,4.803717949,4.452564103,4.435897436,4.904647436,61,109.5,87,1,1,0,1,NA,NA,NA,NA,1,1,0,3,3,0,1,0,1,1,0,0,1,0,1,1,0,1,0,1,0,1,86.11
"195",320,"1",4,2,13,"4.2A",9.7,"COMPLETO","",9,NA,NA,12,1,NA,1,1,1,1,1,3.42,6,5.08,4.38,5.85,2.31,2.83,2.17,2.75,2.46,5.38,6.31,5.09,6.33,6.5,5.6,6.15,5.966386946,3.119230769,4.50534188,6.057983683,23.5,126.5,106,1,0,0,1,1,0,NA,1,0,1,1,2,2,0,1,1,0,1,0,0,0,0,0,1,1,1,1,1,1,1,98.61
"196",321,"1",4,2,13,"4.2A",8.9,"COMPLETO","",9,NA,NA,13,1,NA,1,1,1,1,1,3.69,5.46,4.5,4.46,6,2.08,4.6,4.45,4,4.85,3.92,4.23,6,6,4.5,3.8,4.23,4.906153846,4.363473193,4.365384615,5.182692308,-88.5,-71,87.5,1,1,0,1,NA,NA,0,1,0,0,0,3,3,0,1,0,1,1,0,1,1,0,1,0,0,1,1,0,0,0,93.75
"197",322,"1",4,2,13,"4.2A",9.4,"COMPLETO","",12,9,NA,13,1,NA,2,1,1,1,1,3.77,4.69,5.18,4.31,4.77,3,3.42,3.73,3.82,3.23,4.69,5.85,4.83,4.92,4.63,5,4.77,5.044230769,3.777039627,4.286713287,5.055288462,86.5,4,78,1,0,0,1,1,0,0,1,1,0,0,2,2,0,0,1,0,0,0,0,0,0,0,1,1,0,0,1,1,1,95.83
"198",326,"0",4,2,13,"4.2A",9.1,"COMPLETO","",6,7,NA,10,1,NA,2,0,0,0,0,5,4.15,5,5.5,6.42,3.31,2.67,2.58,3.08,3.62,4.58,5.17,3.27,5.7,4.13,5.8,4.77,4.812878788,3.306410256,4.896367521,4.566098485,70,41,72.5,1,0,1,0,NA,0,1,NA,1,0,0,2,0,1,0,1,1,1,0,0,0,0,0,0,1,0,1,0,1,1,96.53
"199",329,"1",4,2,13,"4.2A",9.4,"COMPLETO","",20,10,NA,13,0,1,2,1,0,1,0,4.08,5,4.69,4.15,5.15,4.31,3.75,5.17,2.67,4.46,4.46,5.31,5,5.5,3.63,3.8,3.69,4.646538462,4.101282051,4.564102564,4.858173077,17,45,185,0,0,1,1,NA,0,NA,NA,0,1,1,0,2,0,1,0,0,0,1,0,1,0,1,0,1,0,1,0,0,0,95.83
"200",332,"1",4,2,13,"4.2A",9.2,"COMPLETO","",7,NA,NA,14,1,NA,1,1,1,0,0,5.31,5,4.85,5.54,5.92,1.46,4.92,3.25,4.17,5.58,3.62,3.38,5.15,4.67,3.25,3.2,3.23,3.931025641,4.306410256,4.679487179,4.113782051,44.5,9,102,0,0,1,0,0,NA,NA,0,0,0,1,0,0,1,1,0,1,1,0,1,0,0,1,0,0,1,0,0,0,0,84.03
"201",334,"0",4,2,14,"4.2B",8.9,"COMPLETO","",6,7,NA,12,1,NA,2,1,1,1,1,4.77,3.92,4.15,4.62,5.23,4.08,3.75,4.83,5.17,5.85,4.46,4.15,4.38,6.08,4.88,3.6,4.38,4.619358974,4.811538462,4.461538462,4.874198718,-2.5,71.5,5.5,0,1,0,1,NA,1,NA,NA,0,1,0,1,3,1,0,0,1,0,1,0,1,1,1,0,0,0,1,1,0,0,94.44
"202",337,"0",4,2,14,"4.2B",9.3,"COMPLETO","",9,NA,NA,12,0,1,1,1,0,1,0,5.77,5.77,5.23,4.77,5.77,2.38,3.58,3.75,4.08,5.08,4.15,4,4.92,5,4.25,4.2,4.23,4.474615385,4.129487179,4.948717949,4.543269231,188,70,97,0,0,1,0,NA,NA,1,0,1,1,1,0,0,1,1,1,1,1,0,0,0,0,1,0,0,0,0,0,0,0,89.58
"203",339,"1",4,2,14,"4.2B",9.2,"COMPLETO","",9,NA,NA,10,1,NA,1,0,0,0,0,4.31,5.46,4.23,4.15,6,4.23,5.33,3.42,4.17,5.38,4.08,5,4.85,5.67,4.5,3.8,4.23,4.762564103,4.476923077,4.730769231,5.003205128,10.5,15,121,1,1,1,1,NA,NA,NA,NA,0,0,1,3,3,0,1,0,0,1,1,1,0,0,1,0,1,0,1,0,0,0,99.31
"204",340,"1",4,2,14,"4.2B",8.7,"COMPLETO","",4,9,NA,11,1,NA,2,1,1,0,0,5.38,6,6,5.08,6.23,3.46,4.42,3.92,4,5.69,5.15,4.15,5.54,3.64,2.38,5.4,3.54,4.220734266,4.635897436,5.358974359,3.925917832,80.5,64,-13,0,1,1,0,0,1,1,0,1,1,0,1,1,1,1,1,1,1,0,1,0,0,1,1,0,1,0,0,1,0,91.67
"205",343,"1",4,2,14,"4.2B",9.8,"COMPLETO","",9,NA,NA,13,1,NA,1,1,1,1,1,4.5,4.23,5.58,4.92,5.08,3.25,3.2,4.64,3.5,5.31,4.83,5.15,5.55,4.83,5.63,4.4,5.15,5.111526807,4.295477855,4.594017094,5.289408508,93,72.5,148,1,0,1,1,1,NA,NA,1,1,1,1,2,2,0,0,1,1,0,0,0,1,0,1,1,1,1,0,1,0,1,98.61
"206",344,"1",5,2,15,"5.2",10,"Falta Gorila y ANT","",NA,NA,NA,NA,NA,NA,NA,NA,NA,NA,NA,4.54,5,5.46,3.92,6.38,5.31,3.67,4.5,4.33,4.08,4.33,6,5,5.08,5.5,2.2,4.23,4.756666667,4.182051282,5.102564103,5.395833333,NA,NA,NA,1,0,1,1,NA,NA,1,1,NA,NA,NA,2,2,0,1,1,0,1,1,0,1,1,0,0,1,0,1,1,0,0,NA
"207",346,"1",5,2,15,"5.2",8.7,"Falta Gorila","",NA,NA,NA,NA,NA,NA,NA,NA,NA,NA,NA,6.08,3.85,6.15,5.54,6.2,1.31,2,3,4.5,4.42,5.17,2.54,5.23,5.17,3.33,3,3.21,3.853846154,3.816666667,4.853846154,4.067307692,45,92,90,0,0,1,0,0,0,1,0,0,1,0,0,0,1,0,1,1,1,0,0,0,1,1,1,0,1,1,0,0,0,87.5
"208",348,"1",5,2,15,"5.2",8.3,"Falta Gorila","",NA,NA,NA,NA,NA,NA,NA,NA,NA,NA,NA,5.5,4.85,4.54,4.77,5,2.62,4.67,3.92,3.08,3.08,5.38,4.77,5.62,4.42,4.44,5,4.64,4.849145299,4.026923077,4.544871795,4.811431624,71,-53.5,219.5,1,0,0,0,NA,0,NA,NA,1,0,1,2,0,1,0,0,1,0,0,1,0,0,0,1,1,1,0,0,1,1,71.53
"209",349,"1",5,2,15,"5.2",8.8,"COMPLETO","",9,NA,NA,11,1,NA,1,1,1,0,0,5.23,5.08,5.92,5.15,5.25,3,4.58,3.58,3.33,3,5.31,4.85,5.31,5.25,4.22,5,4.5,4.925213675,3.961538462,4.939102564,4.906517094,-30,149,190.5,1,0,1,1,NA,0,1,NA,0,1,1,2,2,1,1,1,1,0,0,1,0,0,0,1,1,1,1,0,1,1,86.81
"210",350,"1",5,2,15,"5.2",7.1,"Falta Gorila","",NA,NA,NA,NA,NA,NA,NA,NA,NA,NA,NA,4,3.92,5.22,3.57,5,4,3.5,4.4,4.9,4.82,4.36,3.83,4,4.11,4,3.8,3.92,3.948888889,4.396363636,4.28505291,3.986111111,69,138,-21.5,0,1,0,0,0,NA,0,0,1,1,0,1,1,0,0,1,0,0,1,0,1,1,1,0,0,0,0,0,0,0,52.08
"211",351,"0",5,2,15,"5.2",9.9,"COMPLETO","",8,NA,NA,12,1,NA,1,1,1,1,1,3.92,4.23,3.67,3.54,4.92,3.15,4.82,3.33,3.92,3.62,5.33,6.08,5.5,4.75,5.11,5.8,5.36,5.448888889,4.203379953,3.90491453,5.361111111,8.5,9.5,132.5,1,0,0,1,1,NA,0,1,0,0,1,2,2,0,0,0,0,0,0,1,0,0,0,1,1,1,0,1,1,1,97.22
"212",354,"1",5,2,15,"5.2",7.6,"COMPLETO","",4,8,NA,12,1,NA,2,1,1,1,1,3.54,4.77,5.15,3.85,4.08,4.92,4.67,4.33,4.5,4.62,3.77,4.08,4.62,3.92,3.56,4.2,3.79,4.072905983,4.376923077,4.384615385,4.041132479,81.5,55.5,277,0,1,0,0,0,NA,0,0,1,1,1,1,1,0,0,1,0,0,1,1,1,1,1,0,0,0,0,0,0,0,93.75
